order_id,user_id,eval_set,order_number,order_dow,order_hour_of_day,days_since_prior_order
1524161,37,train,24,0,13,16
2733614,124,train,9,1,8,21
2742787,167,train,6,0,11,7
1162736,261,train,9,3,17,4
3072356,315,train,5,3,23,24
14172,382,train,30,4,17,10
3293782,466,train,32,5,16,14
3054234,587,train,13,6,8,13
2376860,674,train,5,1,12,4
143284,685,train,5,4,9,16
1181590,803,train,8,0,12,5
3353496,890,train,21,5,11,14
309741,915,train,10,4,15,19
3382300,1011,train,8,2,14,22
2799858,1056,train,17,3,11,22
1650233,1120,train,75,6,19,7
1489846,1157,train,16,0,17,13
580476,1188,train,11,6,17,20
1008360,1320,train,26,1,17,30
1344515,1334,train,15,0,18,30
277582,1570,train,13,0,11,3
1682034,1803,train,23,6,8,19
1956619,1823,train,6,0,19,30
3002092,1850,train,61,3,9,3
2218299,2111,train,17,6,12,21
3411016,2316,train,12,1,15,30
497814,2391,train,6,1,21,30
1893317,2407,train,9,4,10,30
2950266,2422,train,12,3,13,30
2774867,2423,train,18,3,6,2
677693,2466,train,15,0,23,9
825795,2489,train,31,5,16,2
577283,2604,train,98,0,19,4
2965253,2678,train,4,0,9,30
494327,2708,train,4,6,16,20
2399278,2732,train,9,0,8,14
920063,2800,train,21,6,14,11
2836995,2883,train,19,4,11,30
2769899,2926,train,74,0,13,2
668637,2942,train,5,6,13,30
1242203,2993,train,15,0,7,7
1680248,3027,train,14,0,15,30
656865,3151,train,17,5,15,7
1085460,3226,train,36,2,13,4
3097248,3381,train,5,1,8,14
954658,3400,train,13,2,15,18
1152411,3437,train,9,0,16,30
1985245,3444,train,4,5,15,27
603293,3544,train,31,0,8,7
3114672,3694,train,5,1,12,30
664237,3704,train,20,1,15,11
1289338,3707,train,6,1,10,30
1373932,3748,train,8,0,14,30
2805884,3909,train,11,5,15,4
792176,3934,train,9,3,4,30
3099309,4052,train,6,3,16,15
1907811,4083,train,11,6,11,30
2430013,4097,train,7,0,11,30
2956539,4260,train,7,2,17,11
1890287,4326,train,54,5,10,9
2944196,4350,train,10,1,17,13
2174949,4478,train,5,1,12,30
3033935,4571,train,4,5,23,7
297648,4588,train,7,0,10,3
2154941,4602,train,38,5,17,1
1720356,4630,train,6,1,18,17
2675211,4654,train,5,4,14,30
1233389,4688,train,4,0,19,6
285388,4700,train,18,3,14,14
1587869,4764,train,100,6,8,1
1187354,4952,train,5,5,13,7
2043219,4984,train,39,5,10,9
2966280,5061,train,5,2,8,14
2694333,5123,train,9,3,15,23
1057693,5158,train,6,5,1,30
976539,5302,train,6,0,8,21
2254270,5368,train,14,0,19,30
555737,5370,train,15,0,11,11
2356753,5393,train,6,6,19,29
1218677,5399,train,4,4,18,30
380940,5400,train,30,2,14,8
2374506,5405,train,8,3,13,8
2908061,5412,train,14,3,10,2
2062131,5514,train,20,0,8,22
3010719,5525,train,25,1,6,30
1172369,5599,train,53,6,12,7
2973912,5654,train,4,2,14,27
3341511,5669,train,71,6,21,4
1524377,5711,train,6,1,14,30
2023522,5724,train,4,6,18,20
373658,5767,train,4,0,14,15
3418070,5786,train,9,1,17,30
3099234,5872,train,18,2,14,15
1020820,5877,train,19,0,19,30
2171669,5920,train,8,1,15,4
609243,5948,train,25,0,18,2
918183,5954,train,4,0,17,24
1003391,5976,train,10,3,12,30
337549,5990,train,5,1,17,30
2947914,6019,train,18,1,13,14
65712,6210,train,24,0,18,8
3402393,6220,train,6,0,17,5
767238,6273,train,8,1,11,20
2925339,6290,train,50,0,14,7
715754,6395,train,10,6,16,12
555930,6540,train,10,5,12,30
3253438,6555,train,7,6,13,6
3104677,6632,train,5,1,19,8
323728,6704,train,33,0,15,7
1147584,6809,train,4,1,10,30
1273082,6842,train,4,2,13,10
1651642,6956,train,69,0,18,2
1894619,6983,train,9,4,19,30
3136121,7268,train,4,2,9,9
2461484,7293,train,37,3,15,11
1783355,7310,train,40,4,12,16
2049554,7443,train,8,1,14,30
1891387,7464,train,11,3,12,30
1070297,7515,train,7,1,18,8
2112974,7629,train,13,6,11,5
2894944,7678,train,5,6,13,11
2072225,7695,train,30,3,15,13
203202,7715,train,5,6,9,23
918151,7828,train,4,4,7,25
646574,7855,train,86,0,10,4
3402313,7965,train,16,6,8,30
3323129,7992,train,16,1,21,30
1573128,8001,train,23,1,8,6
3238226,8002,train,4,4,11,25
3313562,8010,train,4,5,9,8
1468188,8067,train,5,2,11,30
688936,8171,train,4,2,6,30
210317,8243,train,42,6,17,12
803642,8259,train,5,0,8,30
1198240,8385,train,17,3,5,7
856024,8483,train,6,6,15,30
1053355,8680,train,15,1,10,11
965720,8879,train,6,1,16,26
1436141,9045,train,15,0,10,30
3194880,9159,train,7,1,16,10
1970017,9267,train,4,2,12,30
3180214,9342,train,6,6,16,30
2198831,9417,train,17,0,15,30
2848773,9466,train,11,2,12,8
718344,9563,train,5,0,9,18
3297110,9565,train,5,4,14,30
2207979,9578,train,21,4,9,16
1602140,9644,train,4,6,12,30
1891836,9662,train,5,6,16,8
2033128,9833,train,23,6,13,6
2673461,9866,train,10,1,16,25
2093180,10074,train,30,0,14,14
3188936,10115,train,20,1,7,14
1678287,10283,train,5,0,12,29
3040906,10321,train,5,0,14,7
171269,10381,train,7,1,11,22
2991946,10466,train,16,2,12,14
2725772,10497,train,25,0,19,4
852885,10528,train,20,1,13,6
1275421,10576,train,4,1,17,22
1631632,10598,train,25,0,13,7
708529,10605,train,27,1,13,30
996709,10610,train,5,3,14,30
2725509,10626,train,65,5,16,8
2635431,10633,train,7,5,20,8
930789,10665,train,13,4,18,30
708143,10708,train,22,0,20,5
2171676,10713,train,38,4,10,8
1982547,10734,train,20,5,11,10
2203814,10874,train,4,5,10,3
2407797,10930,train,5,2,13,16
963887,10938,train,8,3,14,29
827320,10941,train,10,0,11,30
1574057,10942,train,8,0,15,0
3141118,10984,train,4,0,9,24
809761,11157,train,31,5,10,19
1977284,11356,train,4,1,9,30
425852,11388,train,7,2,5,15
2976499,11422,train,18,5,21,6
854407,11463,train,11,0,11,24
451312,11476,train,4,0,21,30
2168520,11665,train,30,3,14,11
484525,11737,train,12,6,17,6
1588632,11891,train,17,3,11,30
1005994,11933,train,9,3,17,0
2064654,12070,train,7,4,16,18
110704,12091,train,59,4,11,3
353933,12251,train,14,4,9,16
2193405,12417,train,14,4,10,30
1295707,12458,train,9,6,15,21
1167785,12511,train,12,3,9,4
1536640,12667,train,23,0,20,8
926344,12723,train,5,2,14,6
3094342,12809,train,6,2,13,12
2010013,12902,train,7,1,17,30
827482,12965,train,28,5,11,9
1678154,12997,train,5,1,14,22
2831788,13043,train,9,1,13,20
1202935,13064,train,13,4,16,7
644853,13072,train,31,1,14,14
2289597,13192,train,7,2,9,19
2900281,13221,train,14,4,11,20
928535,13280,train,45,5,12,17
1371172,13308,train,9,0,14,30
1773456,13449,train,22,4,17,12
2449055,13450,train,13,6,17,30
724124,13487,train,9,4,14,0
1931758,13549,train,5,5,10,30
3378984,13553,train,10,4,12,7
521770,13578,train,12,2,13,5
244650,13622,train,9,0,12,9
644718,13648,train,12,0,17,10
613572,13750,train,6,4,12,4
2473199,13811,train,16,0,11,30
952153,13849,train,11,6,12,30
890226,13858,train,4,4,13,30
1523093,13868,train,13,0,23,13
146992,13914,train,13,5,20,19
723720,14003,train,19,6,10,17
2333011,14157,train,4,6,14,30
1755762,14191,train,8,0,17,7
805875,14215,train,17,0,17,10
792527,14239,train,4,4,8,3
1393302,14286,train,4,1,19,30
550918,14346,train,8,0,14,9
1005487,14354,train,10,0,14,30
482916,14449,train,23,3,22,14
1541175,14592,train,6,0,13,22
3397701,14731,train,13,0,14,25
2932939,14740,train,18,0,20,30
2340640,14843,train,6,4,18,11
579214,14868,train,96,4,10,4
3190507,14922,train,46,1,12,30
1462865,15010,train,5,1,11,14
589268,15026,train,11,5,12,3
1443195,15567,train,11,5,8,30
2474486,15586,train,21,5,12,11
1295505,15619,train,6,3,16,30
837947,15684,train,8,4,7,30
628237,15731,train,12,1,11,9
926338,15751,train,13,0,10,3
3373162,15790,train,24,5,12,5
3420996,15818,train,16,1,9,7
392472,15844,train,10,0,13,23
1715082,15972,train,37,3,16,4
3095058,15986,train,17,5,18,5
1247458,15987,train,4,4,11,14
375970,16016,train,22,0,10,6
385989,16023,train,24,0,10,30
1198433,16163,train,60,6,8,9
2811965,16217,train,12,5,12,8
292419,16256,train,19,6,17,12
3210863,16344,train,4,6,13,30
2014827,16394,train,9,2,18,30
3102895,16403,train,6,1,10,8
3029561,16479,train,33,6,16,9
1675105,16504,train,40,3,11,3
2481344,16554,train,83,4,20,4
558998,16574,train,12,5,11,29
3399385,16639,train,9,1,18,15
1346134,16765,train,6,6,8,15
1993469,16856,train,22,1,8,21
229212,16910,train,6,4,18,26
682371,16912,train,15,3,20,10
3007553,16939,train,27,6,9,7
2572698,17094,train,15,5,18,30
2231739,17099,train,13,6,11,30
1496343,17121,train,18,2,16,14
162303,17221,train,19,1,18,30
2768547,17297,train,22,1,14,13
704924,17325,train,14,1,15,6
228747,17476,train,5,0,9,30
2256293,17477,train,7,5,8,30
3169127,17515,train,8,4,15,12
610370,17597,train,64,6,22,9
2574308,17651,train,4,2,19,30
109090,17690,train,6,3,9,23
1180826,17703,train,20,5,19,15
2781247,17712,train,5,0,15,30
2617807,17726,train,8,0,14,27
3199506,17748,train,37,0,12,9
1544121,17749,train,6,2,12,30
1962180,17760,train,7,0,9,28
2966776,17830,train,37,5,12,27
2738367,17840,train,20,6,16,30
1318792,18066,train,86,3,9,0
812581,18114,train,34,5,8,8
133473,18127,train,5,6,13,12
1904543,18159,train,18,2,0,15
17741,18191,train,98,0,17,4
1270199,18247,train,10,4,20,4
3162638,18281,train,15,5,16,9
642123,18283,train,5,6,18,30
2411552,18359,train,9,5,5,30
128440,18462,train,25,1,12,7
2672814,18469,train,21,1,18,16
787841,18486,train,4,5,22,4
2769277,18502,train,4,0,13,30
1983444,18519,train,11,0,16,2
2146702,18538,train,8,0,16,30
3260222,18589,train,53,0,22,6
946006,18677,train,21,5,10,30
887569,18679,train,27,6,11,12
865516,18760,train,5,6,19,6
44490,18859,train,17,1,11,14
69363,18897,train,10,1,8,27
2211105,18918,train,50,0,6,3
2356597,18933,train,7,3,12,17
411966,19050,train,11,2,10,14
373938,19149,train,14,4,18,26
2834070,19196,train,13,6,12,9
1074693,19198,train,13,4,13,8
2885101,19219,train,35,5,12,3
1946482,19239,train,16,6,9,13
3198267,19258,train,4,1,18,14
2706096,19594,train,22,0,18,30
2100330,19807,train,11,5,12,29
627645,19831,train,47,6,13,7
2985358,19909,train,5,4,12,30
794356,19917,train,11,2,20,30
2589145,19920,train,8,4,17,29
1040001,19993,train,4,2,14,30
2530661,20058,train,11,1,18,7
2195584,20133,train,9,0,7,3
3270657,20253,train,5,2,14,2
3128943,20275,train,16,4,14,11
2204162,20496,train,29,0,16,10
2334096,20498,train,32,5,10,8
1823099,20509,train,25,1,11,30
315977,20521,train,11,4,7,19
3036182,20630,train,4,6,13,30
3241842,20757,train,7,2,11,30
740957,20826,train,7,0,11,3
2823202,20871,train,6,1,15,30
76584,20894,train,4,2,17,6
1064918,20939,train,59,6,15,7
3420895,20949,train,7,1,19,21
2859605,20991,train,10,5,14,23
1131445,21055,train,10,2,7,8
1667854,21226,train,8,6,15,30
1738384,21283,train,100,5,16,5
377115,21467,train,6,1,13,30
3270880,21475,train,39,2,10,6
1399252,21491,train,4,0,14,14
347286,21492,train,9,0,10,17
1584542,21512,train,7,1,23,30
2973264,21584,train,8,5,9,30
851026,21682,train,8,4,10,6
1254937,21744,train,25,0,9,7
1409188,21798,train,10,2,11,6
1022232,21981,train,7,1,11,16
2097679,22233,train,6,0,14,5
1075175,22246,train,22,0,14,15
1814462,22274,train,100,5,16,1
857995,22380,train,8,4,14,19
1986228,22465,train,7,0,13,14
1250135,22493,train,23,5,10,5
2586867,22524,train,69,0,19,3
948900,22563,train,4,2,15,4
1122105,22575,train,12,4,14,17
1582931,22653,train,31,0,14,13
2702975,22654,train,22,1,12,8
808724,22662,train,28,0,12,6
2990754,22668,train,11,0,15,30
3245142,22671,train,15,6,10,30
1112805,22695,train,60,5,8,3
2994672,22744,train,5,4,14,30
738423,22912,train,17,0,21,7
1398520,22981,train,9,1,16,29
2722403,23049,train,12,1,17,1
2762365,23068,train,7,1,13,30
2194051,23098,train,6,0,11,13
2121723,23229,train,13,0,2,30
1080823,23240,train,37,2,12,9
1694633,23495,train,43,1,13,5
1305220,23575,train,11,2,14,6
276318,23926,train,5,0,14,30
3029598,24049,train,26,1,16,7
1188438,24053,train,18,6,17,20
3009798,24158,train,34,6,14,29
2921767,24217,train,11,6,10,30
3346063,24284,train,10,4,10,12
933102,24328,train,13,5,7,6
2707350,24400,train,6,5,11,30
98229,24454,train,4,0,16,7
1009901,24488,train,63,0,14,3
1955874,24516,train,16,5,18,30
1159086,24538,train,4,1,14,14
1692969,24626,train,11,1,18,1
2271558,24665,train,18,6,11,16
472760,24862,train,23,3,12,9
1043150,24915,train,11,3,8,15
1005265,24916,train,4,6,8,21
650594,25042,train,35,2,18,5
1716614,25056,train,11,3,9,26
859180,25100,train,14,3,18,30
142607,25146,train,17,5,13,25
3080245,25203,train,6,1,19,16
902373,25216,train,5,2,10,13
215715,25223,train,46,5,18,27
1654007,25300,train,8,3,16,0
120025,25416,train,100,0,11,7
1922062,25489,train,8,1,10,3
1500639,25747,train,15,2,20,15
263321,25795,train,5,2,9,30
770216,25807,train,12,3,22,15
3217616,25849,train,11,3,23,11
1378195,25867,train,38,5,11,7
2271311,25937,train,31,0,21,4
2461949,25948,train,6,0,14,14
411498,26111,train,21,3,7,24
779597,26157,train,4,2,9,30
2359522,26190,train,18,6,10,30
1120673,26348,train,8,3,22,25
2793430,26511,train,4,0,19,16
377810,26607,train,40,1,8,7
2432706,26632,train,13,3,18,3
384639,26644,train,4,1,13,8
1632943,26909,train,13,1,20,18
1124212,26910,train,5,0,15,11
1760702,27196,train,4,1,10,14
103546,27207,train,16,1,16,30
3332351,27225,train,7,6,23,20
2419358,27267,train,10,3,12,30
2069443,27367,train,19,5,14,2
478812,27429,train,54,1,16,6
2838543,27456,train,34,0,9,4
3167268,27552,train,4,1,13,6
1736554,27622,train,26,1,12,9
1699405,27703,train,4,6,9,30
1337303,27756,train,4,6,11,30
683815,27832,train,40,0,15,6
29750,27930,train,7,6,19,0
2935657,28015,train,30,3,10,5
46254,28059,train,5,1,14,30
3357719,28105,train,6,5,13,23
2275315,28142,train,19,0,17,30
1766616,28177,train,17,0,6,30
1695309,28282,train,10,2,12,30
2104229,28301,train,7,6,13,30
2347517,28354,train,18,1,17,30
1168972,28460,train,33,5,13,21
2395806,28650,train,14,0,9,16
1438970,28724,train,6,1,14,22
196149,28750,train,7,1,12,9
2327674,28752,train,5,6,17,28
2401607,28775,train,100,6,3,1
788035,28860,train,7,2,15,5
2484130,28895,train,7,6,22,30
3324972,28950,train,41,5,10,6
223435,28976,train,12,0,7,2
335011,29172,train,60,0,21,6
3242054,29270,train,4,4,15,11
2284610,29402,train,4,5,2,14
475829,29423,train,8,5,23,30
1116775,29455,train,4,2,18,30
531241,29462,train,4,4,12,5
1292925,29527,train,7,2,1,5
1720258,29589,train,12,0,14,21
1599598,29679,train,5,5,12,30
332153,29758,train,38,1,14,8
3318609,29819,train,12,0,14,0
674780,29849,train,34,0,10,9
1649120,29944,train,6,1,11,30
1236880,30021,train,11,1,12,14
81061,30312,train,33,0,10,12
282411,30329,train,5,1,13,3
795403,30439,train,28,5,16,11
2284631,30484,train,11,4,14,14
483510,30552,train,4,0,16,30
855236,30574,train,26,0,17,23
2623987,30639,train,19,6,11,13
1956066,30748,train,17,4,19,18
1604927,30783,train,8,6,7,30
2486792,30886,train,4,5,16,30
306612,30960,train,12,6,18,6
1784728,30995,train,22,5,13,7
1146266,31155,train,4,0,7,23
489969,31251,train,4,5,19,30
1848169,31332,train,13,1,23,7
3347611,31425,train,16,1,10,15
2101176,31439,train,13,0,11,4
1567005,31708,train,10,1,16,7
2956404,31725,train,27,1,20,13
3092077,31741,train,10,5,12,22
2641634,31821,train,9,6,13,13
1919431,31840,train,41,5,11,7
570394,31890,train,8,0,9,7
2617566,31919,train,14,2,16,21
2782157,31977,train,23,0,20,8
1154446,32057,train,8,3,10,30
2018548,32074,train,4,6,10,19
2281828,32126,train,11,0,16,0
1515915,32238,train,9,1,5,21
983653,32241,train,10,5,8,30
2827809,32247,train,4,1,13,14
2581707,32374,train,4,0,18,29
3382739,32407,train,4,4,16,16
628947,32447,train,32,1,12,30
2458495,32500,train,12,3,7,30
682024,32544,train,6,0,12,30
2306425,32627,train,42,3,22,12
2171121,32637,train,6,5,12,30
3381234,32645,train,4,0,16,21
3408567,32782,train,10,6,15,10
327114,32811,train,8,3,19,3
1100380,32855,train,6,5,9,30
2662078,32856,train,6,6,12,28
2823198,32865,train,7,0,22,30
1282002,32921,train,7,1,13,18
2608948,32923,train,21,0,14,30
2894756,33018,train,5,5,15,7
3292703,33114,train,5,6,14,30
1133247,33185,train,4,0,17,30
2476996,33200,train,61,6,20,12
3045255,33226,train,5,0,9,30
637781,33263,train,58,0,13,7
3306985,33307,train,25,0,18,10
389648,33326,train,5,4,18,15
876505,33345,train,18,2,15,0
811992,33405,train,4,1,13,30
3360503,33525,train,32,6,16,7
559105,33527,train,8,3,10,24
1081770,33596,train,30,6,9,16
1178928,33599,train,14,0,12,30
854756,33731,train,100,4,8,2
893658,33798,train,12,2,9,30
2703125,34051,train,38,0,14,5
191912,34110,train,5,5,20,5
1955010,34248,train,21,0,17,30
3218271,34300,train,58,3,11,6
2460363,34315,train,8,5,13,30
2204245,34506,train,6,3,14,30
3006133,34561,train,7,6,10,30
26394,34598,train,6,3,19,30
3419634,34650,train,15,2,1,14
2838110,34732,train,18,5,13,4
95650,34757,train,13,6,9,30
449836,34795,train,14,5,8,9
2249558,34803,train,13,4,14,30
2305080,34848,train,10,4,6,2
2852297,34878,train,7,2,18,30
3122798,34923,train,4,6,12,30
1753471,34971,train,22,0,17,12
2923531,34998,train,16,0,8,24
1501656,35127,train,6,2,17,8
3042506,35290,train,8,3,15,30
1279811,35358,train,6,0,13,5
3169865,35362,train,13,5,8,6
2195625,35404,train,78,5,7,2
371933,35428,train,57,6,11,6
1021543,35487,train,50,5,17,17
3396543,35622,train,4,6,18,5
2294475,35657,train,8,1,10,7
1971003,35730,train,7,2,14,13
884188,35737,train,48,0,18,5
1885626,35755,train,34,5,23,6
581421,35767,train,19,0,18,12
1818483,35777,train,10,3,21,30
2587105,35844,train,5,2,16,9
232332,35983,train,30,3,9,14
1663854,35991,train,12,0,19,3
108611,36076,train,37,5,6,9
2772309,36118,train,18,0,15,4
125454,36206,train,8,5,15,30
3103358,36300,train,17,0,8,30
135341,36371,train,10,4,14,6
2148787,36422,train,61,0,12,8
2534479,36475,train,4,5,11,30
337852,36558,train,15,5,8,14
796397,36590,train,24,4,12,20
1869492,36653,train,14,1,16,6
545090,36749,train,5,1,9,13
1160454,36817,train,4,6,14,30
3027878,36882,train,7,5,13,30
892524,37093,train,58,4,16,6
3134874,37164,train,4,5,11,8
2321875,37177,train,16,3,16,3
3028728,37180,train,8,1,9,30
2591157,37273,train,25,0,10,19
3303549,37314,train,46,0,13,7
426410,37325,train,6,6,20,8
960693,37338,train,10,0,13,30
678985,37347,train,5,0,14,23
719165,37401,train,9,6,20,19
1154822,37419,train,13,5,14,26
1779127,37473,train,53,2,12,5
2657344,37487,train,68,6,17,3
1863378,37614,train,8,5,13,27
535453,37630,train,8,0,14,30
109274,37690,train,24,2,15,19
2226250,37746,train,4,4,19,21
1515281,37772,train,9,2,19,30
499639,37786,train,56,6,10,6
2155322,37789,train,10,4,17,7
2507383,37801,train,41,6,21,8
244571,37978,train,6,2,8,7
987602,37983,train,87,0,15,4
2738695,37984,train,8,6,17,30
2460693,38030,train,31,2,8,5
1966986,38121,train,7,1,9,7
341496,38141,train,4,2,13,9
783164,38142,train,6,4,10,30
1615256,38209,train,13,1,15,7
1767047,38239,train,15,0,9,30
2585808,38248,train,9,1,8,15
732511,38265,train,13,5,19,30
2549151,38355,train,24,0,10,8
3030811,38500,train,19,0,22,7
860286,38576,train,6,5,10,12
1209669,38868,train,5,0,12,29
2002482,38877,train,11,2,15,7
1282827,38980,train,32,0,8,7
954716,39068,train,29,6,11,7
998678,39192,train,7,4,17,30
1342745,39232,train,5,2,8,30
612690,39248,train,7,2,19,22
3219329,39257,train,18,0,10,30
975590,39332,train,9,0,13,21
855489,39369,train,6,2,9,14
3200114,39493,train,11,6,13,12
2893200,39632,train,10,6,11,16
1691092,39705,train,18,3,8,30
118716,39761,train,41,0,11,17
1104869,40023,train,6,2,11,30
1078433,40076,train,15,2,13,30
2068968,40176,train,7,6,10,30
1726919,40210,train,39,0,20,25
648800,40315,train,9,5,23,30
799001,40357,train,5,2,22,19
3240466,40369,train,17,5,17,23
1768039,40499,train,8,6,12,30
2768456,40596,train,20,1,11,17
1151455,40668,train,27,1,11,11
1102613,40712,train,15,5,12,13
571378,40840,train,18,1,15,9
437248,40918,train,5,5,13,30
2060637,40986,train,4,5,8,13
3061027,41089,train,6,5,14,30
3105215,41111,train,15,1,11,12
3346187,41202,train,16,3,8,16
2371155,41229,train,24,6,23,7
1908208,41247,train,55,0,19,3
1262071,41287,train,5,0,12,8
2159241,41303,train,24,4,9,8
255635,41411,train,5,0,15,30
1955366,41545,train,15,5,14,12
1791756,41546,train,12,6,12,6
390929,41712,train,6,1,8,25
1667549,41724,train,4,0,20,7
627481,41791,train,6,5,8,9
3414214,41822,train,7,3,10,11
2317763,41976,train,13,0,18,14
3327914,42042,train,4,3,21,8
2289546,42131,train,24,5,8,4
2068912,42178,train,63,2,14,6
2480277,42234,train,43,2,12,5
1011157,42276,train,27,0,14,24
2046400,42306,train,27,5,8,5
1035709,42346,train,5,6,17,30
402531,42398,train,4,0,16,19
897455,42415,train,14,2,14,30
2879667,42421,train,35,0,16,2
1310711,42455,train,29,5,7,18
256845,42485,train,10,4,10,30
2607930,42502,train,6,0,15,22
373666,42506,train,8,1,7,7
2059558,42638,train,9,6,16,5
701844,42679,train,7,6,17,20
429377,42737,train,46,3,11,6
3376171,42768,train,5,1,17,30
2954890,42789,train,34,5,17,30
1334633,42807,train,8,2,18,17
2168759,42812,train,11,3,12,28
3261021,42910,train,44,0,10,7
1181636,43290,train,4,2,8,19
31692,43334,train,33,4,15,2
2699319,43354,train,7,1,15,26
2614927,43365,train,89,3,16,3
1532271,43420,train,7,4,12,30
939192,43508,train,23,5,10,30
3052876,43525,train,6,6,19,12
461963,43610,train,4,0,18,30
3031849,43765,train,21,3,11,16
1500083,43815,train,9,4,10,2
2303071,43825,train,62,6,18,15
2499256,43872,train,12,1,11,30
1709280,43913,train,18,2,13,1
3324670,43990,train,36,5,14,7
722719,44178,train,15,5,14,5
548423,44194,train,10,4,14,22
377978,44273,train,22,4,18,3
44827,44297,train,15,1,8,15
2194125,44527,train,41,4,8,3
947003,44556,train,6,1,13,0
3191357,44675,train,8,5,11,14
1124393,44745,train,50,6,14,6
2254753,44821,train,35,5,9,7
3167542,44900,train,5,3,10,25
2195347,45002,train,19,5,7,15
194187,45033,train,49,0,14,7
1121279,45235,train,8,4,22,30
1119013,45237,train,6,0,19,30
2068987,45238,train,10,1,16,6
3185625,45285,train,8,4,7,15
131557,45432,train,7,6,22,26
3181741,45486,train,6,5,20,5
2554984,45532,train,4,0,11,30
3046588,45704,train,13,6,19,14
1512910,45784,train,25,6,7,5
2854553,45806,train,10,0,8,2
2308852,46078,train,31,3,22,1
2621480,46099,train,51,0,16,7
428590,46103,train,11,6,22,21
1526273,46132,train,17,6,17,15
2704288,46231,train,44,6,16,3
2738788,46503,train,9,0,14,20
2939563,46634,train,40,0,7,10
799833,46643,train,15,3,11,30
73354,46654,train,54,5,11,6
73020,46669,train,9,6,15,10
409778,46755,train,5,3,14,14
967195,46853,train,20,2,21,19
2536754,46914,train,4,1,9,30
466588,47005,train,6,1,14,25
1917797,47049,train,14,0,0,30
2474552,47242,train,8,3,13,26
3229562,47295,train,25,6,20,12
897708,47404,train,6,0,9,30
1708388,47489,train,5,1,14,30
1283531,47677,train,31,6,15,6
2207061,47705,train,8,0,13,22
3170244,47751,train,21,5,11,4
245913,47799,train,10,3,12,6
710927,47885,train,9,0,15,24
3022356,47953,train,4,1,10,30
2902299,47972,train,22,6,20,2
725476,48096,train,74,4,9,8
1077395,48125,train,33,0,11,30
2576298,48190,train,4,1,15,30
2419741,48229,train,18,0,10,2
1260631,48244,train,5,3,11,16
1599252,48255,train,8,6,20,30
591773,48370,train,28,6,11,3
857517,48396,train,10,5,16,20
2311098,48412,train,22,4,11,9
223902,48456,train,4,2,13,30
3067088,48649,train,10,4,11,15
2072771,48838,train,46,0,12,14
3117692,48890,train,100,2,14,6
253505,48945,train,16,2,7,16
2140634,49049,train,17,0,10,7
2143933,49366,train,11,6,19,30
597708,49577,train,7,4,12,7
508032,49580,train,18,6,12,30
2371059,49674,train,7,3,16,6
3193841,49683,train,33,2,9,7
297082,49770,train,30,6,16,7
3153851,49834,train,24,0,12,8
2376264,49899,train,7,2,13,30
2290545,50009,train,48,1,16,7
1247951,50019,train,10,4,20,16
1349969,50097,train,27,0,16,7
2343074,50121,train,25,1,8,30
519454,50136,train,6,0,16,30
3266886,50346,train,32,4,14,7
3312681,50362,train,32,5,9,13
2710557,50424,train,9,5,8,30
1479373,50566,train,5,0,13,30
1433262,50685,train,19,5,10,9
2496734,50692,train,4,3,13,30
24994,50723,train,4,0,19,7
3056376,51086,train,46,1,17,7
2973284,51140,train,25,6,13,6
1809078,51357,train,4,4,16,16
1987934,51480,train,18,0,15,11
180304,51600,train,6,6,8,30
1394331,51710,train,25,0,9,5
1529111,51862,train,31,0,14,12
1440182,51897,train,8,5,11,30
1368209,51951,train,5,6,14,30
1007079,51953,train,9,2,10,12
3484,51956,train,14,0,15,18
1282597,52038,train,26,2,14,8
1308998,52061,train,29,0,12,20
560337,52105,train,4,4,16,6
1884280,52111,train,15,1,10,30
72234,52142,train,4,4,20,2
160759,52144,train,12,0,15,5
1535432,52265,train,16,6,16,7
868130,52331,train,37,0,22,22
2266075,52337,train,49,1,14,6
1247313,52444,train,20,2,18,22
1638631,52457,train,5,1,10,30
1939093,52554,train,5,1,16,13
2016599,52572,train,56,6,16,6
3207020,52583,train,49,2,11,11
2482831,52627,train,22,0,18,7
1841493,52649,train,18,5,14,5
1361650,52681,train,6,0,18,12
262339,52806,train,15,1,14,16
1056320,52834,train,7,6,9,30
1228233,52915,train,6,3,17,20
1924025,52981,train,26,6,13,27
1282581,53093,train,12,5,19,12
1474125,53096,train,17,4,15,19
3211127,53206,train,10,1,17,28
569457,53224,train,10,1,10,6
1792967,53292,train,10,1,14,14
2734966,53447,train,6,5,11,7
503576,53544,train,20,4,13,30
3402855,53626,train,8,4,11,6
1083556,53652,train,5,0,12,14
2032614,53657,train,5,1,11,30
441166,53727,train,6,4,9,30
919401,53767,train,4,5,20,30
3239218,53829,train,39,3,11,6
1319868,54192,train,50,4,20,10
547558,54276,train,11,5,13,3
2181613,54290,train,24,0,19,23
1326764,54307,train,60,4,9,0
1565115,54390,train,5,0,15,7
2282785,54396,train,4,2,11,8
625228,54471,train,84,0,20,6
1869817,54541,train,9,1,12,28
2058932,54581,train,9,4,12,7
442014,54671,train,13,5,16,18
315472,54771,train,6,0,15,30
1482543,54956,train,16,6,17,6
422234,54972,train,5,4,15,24
1336173,55074,train,26,3,10,1
2488912,55077,train,8,5,10,22
292688,55116,train,32,6,12,6
2183662,55152,train,18,0,12,16
948923,55269,train,14,0,15,30
783339,55406,train,6,2,20,30
2233883,55481,train,8,0,16,20
3330540,55736,train,4,0,13,30
2930482,55748,train,8,1,1,30
1476584,55914,train,33,6,11,7
3355152,55961,train,12,0,16,6
1229547,56014,train,47,0,18,6
2589988,56040,train,27,3,15,7
1658163,56160,train,12,0,8,1
2173360,56420,train,11,6,14,12
890484,56486,train,5,3,14,30
412405,56487,train,39,0,8,30
1699045,56548,train,14,2,7,10
1455034,56550,train,37,4,15,7
541933,56634,train,14,1,12,2
1001621,56652,train,27,0,20,18
2331827,56703,train,10,1,13,30
1500461,56956,train,13,1,13,11
2854969,57005,train,11,1,9,20
1387646,57066,train,6,0,14,1
894617,57318,train,7,0,16,11
2865125,57512,train,66,6,17,6
3121302,57897,train,44,4,19,22
1224975,57950,train,4,3,14,22
1941094,57964,train,6,0,13,30
3310541,58086,train,17,1,14,27
336192,58146,train,49,1,14,9
2037996,58323,train,8,4,17,30
2063145,58428,train,14,6,16,30
2052796,58515,train,13,5,8,7
555581,58570,train,4,1,11,18
3197072,58579,train,4,0,8,28
978475,58648,train,12,5,7,4
3320651,58719,train,24,1,12,30
2211703,58728,train,32,0,16,7
3128469,58787,train,7,0,11,30
931827,58814,train,15,0,20,2
2788490,58826,train,11,1,21,23
671270,59110,train,5,5,18,10
425592,59129,train,5,0,22,30
3041233,59166,train,8,1,10,25
1975156,59189,train,11,0,12,30
2768832,59439,train,12,6,19,30
1190887,59448,train,14,1,12,11
2636741,59470,train,9,0,22,16
2104977,59521,train,6,6,19,8
266930,59639,train,4,0,10,30
3358701,59721,train,13,6,11,26
1489545,59746,train,28,5,16,25
593239,59837,train,37,0,15,7
364582,59839,train,5,3,12,17
556498,60041,train,5,0,22,11
733473,60050,train,10,6,12,7
1988698,60058,train,5,6,16,29
1341323,60132,train,39,2,15,8
2190408,60134,train,21,5,19,3
404794,60210,train,91,0,20,1
2746521,60272,train,38,0,7,6
1099741,60295,train,4,0,8,8
2209395,60397,train,14,0,10,7
607550,60547,train,10,0,12,6
3054797,60719,train,6,5,12,30
17973,60726,train,12,3,9,7
172736,60738,train,11,2,14,30
2301112,60859,train,31,4,14,13
1295756,60961,train,24,1,15,9
3393506,61032,train,4,1,18,30
1017914,61306,train,85,5,11,3
822017,61309,train,6,4,22,0
993403,61310,train,16,0,19,7
2255696,61412,train,18,5,14,29
455029,61427,train,6,5,14,5
2799612,61594,train,7,0,8,14
2894097,61694,train,18,6,7,12
918803,61709,train,11,3,15,9
2560340,61788,train,16,3,15,30
941431,61803,train,7,1,9,12
3211730,61870,train,19,6,16,26
1385174,61907,train,17,6,11,16
2922266,61950,train,7,6,18,27
562295,62131,train,39,5,18,7
851480,62152,train,12,5,10,21
2011084,62173,train,11,0,9,13
1928797,62198,train,4,4,16,30
1011303,62337,train,12,5,17,30
815161,62589,train,11,3,17,5
111661,62642,train,19,2,16,7
3241461,62645,train,72,4,22,6
2979827,62878,train,28,4,10,30
248069,62906,train,21,0,8,7
2095696,62933,train,9,0,7,24
1469840,62971,train,32,5,23,6
1219929,63114,train,46,6,22,7
26318,63226,train,36,5,19,7
1314323,63261,train,29,6,16,6
2528220,63264,train,9,2,18,8
1315474,63374,train,18,2,22,23
2203380,63375,train,15,5,20,19
1964705,63413,train,13,3,8,1
3359968,63424,train,23,3,16,17
76249,63447,train,4,5,12,30
949182,63458,train,25,1,18,9
689047,63516,train,8,6,9,30
1655563,63588,train,10,1,11,7
3257487,63608,train,10,2,14,15
2240614,63679,train,4,3,16,30
57969,63997,train,18,2,22,9
654955,64012,train,14,1,13,30
1189009,64068,train,13,1,11,7
1483968,64104,train,4,0,8,3
2449092,64203,train,14,0,8,20
499716,64410,train,27,0,20,21
890131,64448,train,14,4,20,6
1276175,64455,train,38,5,15,4
1529874,64479,train,10,5,8,13
2719945,64543,train,5,5,15,7
1620314,64561,train,7,2,12,7
1031188,64658,train,18,6,18,10
1029535,64686,train,6,4,10,28
225335,64811,train,27,0,14,30
2221060,64887,train,17,5,10,3
1680811,64933,train,9,4,12,11
3117330,64967,train,23,2,17,23
962516,64993,train,13,0,19,7
2437543,65102,train,14,6,16,6
1840937,65235,train,9,5,18,14
2548840,65276,train,7,3,13,8
1757358,65277,train,5,6,13,30
2406282,65306,train,66,4,20,4
568203,65375,train,10,5,23,30
33001,65557,train,13,1,16,30
3333354,65640,train,25,6,15,0
2191771,65649,train,8,1,7,12
3047430,65653,train,10,6,11,30
779687,65658,train,8,4,9,9
97455,65774,train,6,0,20,20
918995,65811,train,12,3,17,4
870033,65818,train,12,2,16,9
1611735,65843,train,26,1,13,30
841585,65898,train,5,0,8,28
3129899,66015,train,11,3,13,30
1301882,66192,train,28,6,17,21
1289947,66309,train,4,3,13,30
2275990,66465,train,80,6,19,4
2683512,66493,train,4,6,18,23
276574,66649,train,4,3,9,30
1591687,66677,train,13,5,16,30
1945963,66689,train,35,1,23,3
3118572,66733,train,6,3,19,7
1201039,66760,train,7,4,9,30
992816,66830,train,13,2,21,29
3246256,66981,train,5,6,13,30
2057284,67000,train,4,1,8,30
2085476,67108,train,8,6,10,2
1312449,67127,train,11,6,6,7
344642,67128,train,5,0,12,7
1969516,67269,train,40,3,16,9
1150855,67270,train,44,0,17,6
1709564,67469,train,7,6,18,21
2930731,67591,train,18,0,12,7
3325666,67626,train,41,0,10,6
2483596,67661,train,33,0,16,10
112667,67830,train,5,3,10,30
637716,67868,train,39,0,18,5
887177,67947,train,13,2,16,5
1795417,68339,train,8,1,18,30
2200872,68379,train,24,3,20,16
2635178,68396,train,6,4,20,30
136917,68475,train,16,3,14,22
295510,68502,train,27,5,12,12
2254359,68655,train,5,1,23,30
1518754,68689,train,6,4,19,30
3376976,68691,train,5,6,16,30
2409841,68819,train,13,6,12,30
1708223,68855,train,6,4,18,12
2715415,68909,train,4,4,14,30
1837843,68925,train,4,0,21,30
3008145,69068,train,4,3,20,30
2486749,69140,train,8,2,16,27
840922,69246,train,39,0,11,5
3284853,69282,train,4,3,13,8
564063,69301,train,4,5,18,30
2228820,69330,train,4,2,13,30
722498,69723,train,21,0,14,7
1917882,69865,train,8,0,13,9
1250419,69937,train,29,6,18,12
741563,70009,train,29,4,14,4
1766563,70039,train,27,2,2,7
2319159,70071,train,5,3,8,28
3233932,70114,train,27,1,18,12
2272463,70202,train,57,6,9,8
2036041,70291,train,6,6,16,1
3407782,70461,train,18,3,12,14
3041198,70497,train,5,5,17,30
3212419,70571,train,6,5,14,22
1220615,70590,train,4,2,18,8
598001,70644,train,23,2,15,7
725345,70710,train,21,2,17,8
1095885,70766,train,10,6,12,30
2541752,70815,train,4,1,9,0
2474172,70883,train,27,0,18,19
291687,70981,train,11,4,14,14
237738,70999,train,15,1,11,1
2592096,71137,train,26,1,9,4
3166076,71238,train,9,4,19,30
390101,71335,train,16,2,8,13
764675,71359,train,11,4,14,30
755216,71369,train,5,0,12,1
2673760,71397,train,12,0,17,30
3068504,71467,train,9,0,7,18
1713022,71495,train,7,5,9,5
2608232,71553,train,13,1,1,11
2498854,71577,train,34,0,14,12
577269,71600,train,6,0,14,30
1688121,71611,train,33,5,16,13
2791601,71636,train,4,4,17,25
2163477,71805,train,5,1,7,30
2958473,71874,train,4,0,11,30
2326916,71888,train,14,0,11,6
1427924,71915,train,27,3,16,7
1545596,71971,train,5,4,23,13
543096,72098,train,21,6,11,17
852935,72158,train,11,0,18,14
2378435,72231,train,46,4,19,10
1354585,72247,train,29,0,8,8
1675769,72302,train,12,6,10,30
2286790,72566,train,5,1,11,12
309379,72600,train,7,6,7,5
3285238,72719,train,7,0,14,30
3249042,72848,train,27,3,16,9
1163680,72892,train,4,4,22,5
2543486,73016,train,6,6,9,19
285231,73063,train,4,6,11,30
2827780,73084,train,79,0,7,8
1365145,73203,train,8,5,17,30
471346,73217,train,16,1,17,8
1443712,73241,train,4,3,17,30
2751548,73307,train,14,4,15,30
3214480,73331,train,5,3,14,30
2234294,73386,train,4,2,16,30
3176792,73518,train,6,0,11,30
3164360,73531,train,25,2,20,5
2264166,73555,train,7,3,9,8
2134877,73619,train,6,3,8,17
2676810,73985,train,4,5,10,10
477931,74006,train,24,4,15,13
130920,74048,train,5,6,14,29
2546277,74094,train,19,4,17,13
1310457,74099,train,32,3,12,2
2459609,74133,train,16,5,17,24
1125368,74136,train,4,3,17,30
644501,74179,train,4,2,8,25
2469742,74184,train,17,3,11,16
1682573,74214,train,4,0,10,25
1902858,74226,train,36,5,10,8
1108968,74232,train,21,6,13,13
2970017,74266,train,4,6,11,30
2966909,74312,train,9,6,14,29
297586,74335,train,7,6,22,4
1644867,74498,train,11,0,1,16
954206,74530,train,50,6,16,6
511042,74645,train,10,0,9,17
3320610,74650,train,16,1,10,6
2610040,74808,train,23,0,16,20
1526081,74916,train,34,0,18,22
903162,75007,train,6,0,9,30
2272393,75031,train,56,5,14,1
1845506,75044,train,5,0,15,7
728096,75061,train,17,3,19,8
2259437,75117,train,23,4,1,11
1512469,75150,train,13,4,14,0
2015262,75258,train,4,0,23,27
903541,75275,train,22,6,17,8
644300,75304,train,37,5,8,9
86834,75333,train,80,6,20,2
1435511,75406,train,5,4,13,24
172545,75468,train,16,5,17,30
2123345,75537,train,4,4,7,18
2313597,75550,train,5,0,11,30
81117,75566,train,9,0,17,26
2288792,75770,train,32,0,12,7
426527,75837,train,31,0,23,6
1041848,75984,train,6,0,14,30
2974484,76025,train,10,0,21,6
2472313,76065,train,17,0,15,8
569915,76308,train,4,0,13,30
2237873,76332,train,18,2,21,30
850755,76364,train,5,2,9,29
2037612,76496,train,4,0,17,30
383692,76541,train,6,3,16,30
2453344,76544,train,6,3,8,8
43722,76551,train,5,1,11,4
2381101,76580,train,10,4,19,13
2073675,76751,train,5,3,13,30
3263812,76788,train,11,4,10,9
3372838,76798,train,9,3,11,14
2922492,76877,train,6,5,9,11
428093,76901,train,53,4,15,14
3182466,77028,train,45,2,16,5
598401,77096,train,15,1,17,27
1581095,77180,train,10,2,9,30
1958771,77245,train,13,5,11,3
3343536,77344,train,12,0,14,30
1593064,77361,train,28,0,14,25
387848,77564,train,7,4,14,30
2331854,77828,train,7,6,17,8
3066076,77882,train,13,0,13,7
1440117,77919,train,5,6,19,30
239146,77934,train,6,4,13,19
191457,77991,train,18,6,18,12
3191317,78101,train,12,6,17,7
676180,78243,train,49,0,16,4
360755,78283,train,30,5,8,24
238127,78321,train,66,6,16,3
1391578,78393,train,5,2,1,30
659477,78429,train,15,4,17,12
1482104,78437,train,5,5,16,30
1969961,78598,train,36,5,13,6
1810646,78652,train,4,0,12,28
3116788,78686,train,41,0,16,6
2619573,78814,train,4,6,21,6
3394025,78820,train,4,0,11,30
280429,78836,train,41,5,16,6
453759,78900,train,29,0,11,21
3236783,78969,train,8,0,10,30
2711463,78982,train,5,1,11,8
1561684,78994,train,33,6,23,19
860718,79059,train,4,4,9,23
736545,79074,train,8,5,12,6
2808014,79094,train,6,0,21,26
2028964,79289,train,83,3,17,6
132055,79465,train,15,0,12,28
2055066,79589,train,4,0,12,30
1979263,79674,train,6,1,9,15
1380041,79758,train,7,5,14,18
796560,79773,train,4,4,9,18
1762173,79779,train,9,5,15,30
2563758,79845,train,22,4,8,4
529113,79874,train,4,6,19,4
2455822,79919,train,18,4,9,8
1149533,79986,train,20,2,20,15
2368422,80005,train,38,1,7,25
808857,80104,train,4,1,13,30
1983833,80109,train,13,2,21,1
1375864,80641,train,17,1,10,5
239449,80724,train,10,2,9,30
730854,80760,train,14,6,15,18
216482,80767,train,10,0,14,23
1379236,80870,train,4,3,12,0
804306,80923,train,25,3,16,8
913804,80974,train,5,1,20,5
2001987,80998,train,8,2,7,5
527945,81029,train,9,6,11,30
2483317,81049,train,35,4,16,10
401586,81105,train,20,6,11,9
1329262,81165,train,12,1,17,30
344376,81227,train,11,5,13,12
402814,81261,train,30,2,16,20
556122,81270,train,7,1,15,30
2550921,81341,train,4,0,8,10
2320248,81380,train,5,5,13,20
2036604,81527,train,57,1,6,8
2476974,81538,train,11,6,16,28
14454,81669,train,33,5,9,11
334643,81682,train,10,4,6,30
1581476,81712,train,9,1,11,30
1376589,81932,train,17,4,18,19
201073,81971,train,18,4,19,5
603384,82085,train,57,5,16,22
2946631,82093,train,15,1,20,14
1306897,82122,train,38,5,17,3
18915,82284,train,9,0,17,17
222674,82495,train,14,6,16,30
2790111,82571,train,4,2,18,26
3000463,82590,train,11,1,9,14
2392826,82654,train,9,6,16,30
3234225,82682,train,7,0,13,30
16097,82764,train,28,2,17,3
2623242,83119,train,12,3,9,30
660514,83184,train,4,1,13,5
2681880,83320,train,5,3,11,15
3419158,83354,train,10,5,7,4
798068,83553,train,5,1,10,13
1559569,83650,train,7,0,8,7
3126571,83751,train,9,0,8,29
2640621,83881,train,9,0,23,17
24968,84031,train,22,1,23,28
2810489,84087,train,16,5,6,30
1676587,84140,train,4,6,9,30
856987,84147,train,24,0,21,6
3083761,84304,train,24,1,18,4
1049709,84397,train,65,4,12,8
2408705,84524,train,10,2,9,28
1588362,84598,train,6,5,20,6
3246632,84623,train,69,2,19,7
2667079,84652,train,86,1,16,1
2524720,84678,train,5,3,11,30
1953041,84815,train,10,0,8,22
2938296,84821,train,21,6,14,21
467591,84865,train,16,1,17,29
3088960,84964,train,54,5,16,21
486388,85037,train,11,0,9,30
6842,85112,train,25,6,13,24
168237,85163,train,17,5,14,30
1886120,85164,train,12,0,11,30
1999934,85191,train,9,6,13,6
2009673,85426,train,9,1,9,30
68923,85523,train,51,6,12,7
1400434,85563,train,52,2,23,16
2349884,85841,train,7,6,12,30
1764224,85848,train,13,5,15,30
3254869,86028,train,24,6,0,17
2013896,86099,train,9,1,16,9
1927523,86118,train,4,5,19,13
954899,86167,train,10,5,17,9
2520526,86209,train,13,0,16,7
530848,86280,train,30,4,12,17
1129422,86425,train,61,0,19,1
1049343,86466,train,17,3,10,27
1196371,86554,train,5,0,15,20
3044116,86632,train,10,1,0,21
245179,86662,train,4,5,21,30
2500369,86789,train,9,3,11,4
830097,86824,train,19,3,19,27
2772173,86888,train,10,6,7,30
2627956,86904,train,6,2,16,9
2158760,86997,train,24,0,12,7
2911059,87006,train,12,3,14,30
621694,87052,train,21,0,10,19
2359582,87249,train,23,4,11,30
1053278,87263,train,9,5,15,30
241717,87351,train,69,1,14,26
191784,87441,train,33,5,14,9
3259657,87452,train,4,1,16,30
1909334,87468,train,4,5,12,8
2148281,87549,train,27,3,16,12
2183980,87561,train,23,4,17,6
2196203,87571,train,8,4,17,5
3419156,87576,train,8,6,11,30
406500,87606,train,4,1,12,28
1991115,87631,train,12,2,11,16
1970486,87680,train,95,3,16,1
544693,87749,train,35,3,11,30
1257305,87919,train,46,3,19,17
2545817,88024,train,10,2,16,4
1026705,88030,train,8,2,13,30
3252954,88036,train,7,0,10,25
85920,88041,train,11,3,14,10
951085,88055,train,7,3,14,30
2054400,88078,train,24,0,15,13
2890510,88117,train,5,3,11,4
1472095,88244,train,7,1,11,22
2589419,88417,train,13,6,7,16
422787,88468,train,49,1,0,15
1591262,88657,train,6,1,17,13
1403436,88692,train,4,1,10,30
1414658,88727,train,7,2,17,9
2211167,88832,train,15,4,14,27
1092827,88907,train,20,5,18,12
2462343,88990,train,32,5,7,11
1305516,89105,train,7,3,10,30
2673128,89168,train,6,6,18,30
1751595,89183,train,6,3,10,30
2956167,89307,train,59,0,10,15
2119252,89349,train,54,1,10,7
2009327,89418,train,6,3,7,8
1874940,89430,train,8,6,18,0
677378,89450,train,26,5,19,9
2995655,89458,train,13,6,18,6
848928,89459,train,33,0,11,7
3117922,89487,train,20,2,13,11
1704886,89492,train,9,5,18,21
546132,89502,train,10,4,17,2
1893080,89525,train,9,2,18,30
60372,89591,train,11,1,10,20
176435,89629,train,14,0,21,25
2350653,89688,train,5,6,11,14
640063,89696,train,4,1,16,30
2000849,89714,train,14,0,8,28
2389994,90138,train,27,5,16,4
2365068,90230,train,7,4,10,30
970215,90233,train,6,4,13,29
3300549,90310,train,5,3,16,17
3277442,90370,train,4,1,17,30
1162020,90397,train,8,2,11,30
986202,90455,train,11,0,19,21
920634,90472,train,6,5,12,30
2926001,90498,train,67,5,17,10
1003458,90633,train,4,5,11,30
2370731,90721,train,41,6,8,22
81691,90774,train,4,5,12,30
2670243,90860,train,58,1,13,4
1718286,90994,train,14,0,13,10
1173986,91252,train,4,3,16,18
1523973,91435,train,10,2,23,9
3119955,91443,train,15,4,8,3
104965,91452,train,21,6,11,12
2102129,91518,train,9,3,17,30
3029722,91656,train,17,1,11,21
2405942,91701,train,10,5,13,30
2587546,91705,train,6,0,10,30
1805024,91780,train,6,4,17,6
1410433,91901,train,5,1,13,30
934399,91953,train,11,1,19,15
1557482,92103,train,11,0,11,30
2793613,92116,train,10,6,11,30
3061800,92552,train,10,3,9,14
2063183,92706,train,49,4,14,15
2406264,92726,train,6,4,13,10
1682847,92755,train,5,0,12,7
3044128,92792,train,7,3,8,25
186104,92799,train,47,0,15,7
2161862,92930,train,5,5,17,30
102758,93012,train,27,0,12,11
408369,93088,train,32,5,15,9
2963483,93113,train,22,3,12,9
805694,93177,train,12,1,15,13
551676,93242,train,8,1,12,29
326986,93295,train,12,2,14,10
713199,93316,train,22,0,12,13
3117749,93343,train,45,0,19,5
908061,93412,train,6,6,11,13
1669711,93432,train,9,0,11,30
3367078,93440,train,51,6,10,4
1914478,93491,train,6,4,18,24
1520876,93504,train,25,0,13,13
514671,93514,train,5,5,6,30
339240,93530,train,13,6,17,21
540993,93546,train,4,4,17,13
1308091,93665,train,9,3,19,18
2324483,93732,train,4,1,12,30
1271828,93822,train,17,1,16,14
1390161,93828,train,34,0,10,21
2258706,93964,train,11,6,10,12
1683367,94145,train,13,4,8,8
2124934,94164,train,8,2,16,30
2736251,94328,train,10,4,9,11
2416355,94337,train,4,3,12,2
2494180,94380,train,14,1,13,5
2434827,94382,train,9,4,17,9
2837144,94431,train,5,2,15,17
1019704,94508,train,20,6,12,7
387648,94547,train,5,4,12,30
2003234,94783,train,4,6,21,11
1186052,94812,train,5,2,15,15
3170000,94935,train,25,5,12,21
1671948,94956,train,16,6,12,6
2629052,95047,train,4,0,17,30
1362730,95165,train,4,0,14,30
1027190,95206,train,6,3,12,30
2428092,95227,train,7,6,14,30
168473,95399,train,18,2,11,16
2815894,95423,train,23,0,20,3
399721,95515,train,8,1,13,14
919768,95613,train,5,0,15,11
2398373,95649,train,25,5,16,19
1380391,95669,train,8,6,16,30
2364095,95721,train,5,3,17,1
852056,95761,train,14,4,15,17
2475511,95849,train,6,4,17,30
541244,95880,train,13,1,11,19
913070,95918,train,4,1,0,9
1549633,95925,train,22,1,9,9
338650,95967,train,100,4,14,3
2004171,95969,train,5,1,10,30
685985,96004,train,10,3,6,30
2307995,96008,train,29,4,11,5
1123673,96054,train,16,1,17,7
1410380,96276,train,6,5,14,18
2554782,96309,train,66,0,15,2
3205244,96426,train,13,5,16,14
2308528,96543,train,7,4,8,30
2669501,96687,train,5,0,9,22
2606801,96700,train,62,5,18,8
3373607,96711,train,11,1,11,30
617419,96726,train,44,0,18,13
3015410,96762,train,8,1,11,8
849534,96861,train,12,2,22,30
1259963,96903,train,9,1,8,30
1181058,96918,train,23,1,11,16
2851905,96996,train,6,2,18,30
691823,97061,train,10,0,14,8
392905,97096,train,4,0,19,30
2546332,97131,train,42,2,14,12
2269269,97359,train,18,1,18,4
2966311,97722,train,5,2,9,8
1364009,97733,train,8,6,8,11
2151280,97787,train,8,0,11,20
284859,97834,train,4,0,9,24
2255174,97975,train,22,0,19,20
55278,97991,train,8,6,14,30
741843,98129,train,7,0,9,15
2512776,98168,train,5,5,19,20
1545725,98350,train,8,4,17,15
1748911,98456,train,5,6,10,30
284076,98593,train,19,0,19,7
1014860,98627,train,40,5,17,12
3134387,98655,train,5,1,9,30
2191779,98722,train,17,6,8,7
1870170,98886,train,18,6,10,14
1043176,98892,train,7,1,12,8
603104,98905,train,30,5,15,15
2238633,98909,train,30,3,14,2
1959501,98962,train,4,3,17,30
1191023,98984,train,4,3,10,30
308054,99010,train,5,1,16,8
1124923,99023,train,26,1,10,7
342735,99052,train,37,5,8,7
1115862,99056,train,16,0,13,12
1623914,99126,train,45,6,22,7
1719501,99142,train,10,0,14,13
1112943,99218,train,22,5,17,30
39732,99285,train,32,4,21,4
2157783,99301,train,4,6,12,30
1175815,99353,train,9,5,13,27
1590823,99368,train,29,5,16,5
968680,99489,train,5,2,9,30
3214656,99540,train,23,1,11,30
3133867,99627,train,35,0,10,2
1598028,99649,train,4,1,12,30
1095339,99735,train,79,0,10,21
999605,99924,train,24,6,16,11
1830278,99937,train,25,5,12,10
1147081,99951,train,10,4,10,16
2075349,99961,train,5,1,18,30
1910087,99968,train,8,2,7,7
1269603,99978,train,4,0,13,6
1501847,100095,train,11,5,13,30
1657565,100175,train,31,3,17,12
1745263,100211,train,5,3,15,17
43443,100234,train,4,0,17,30
1409729,100303,train,5,6,22,10
1852517,100366,train,4,2,15,21
2211843,100378,train,5,0,14,30
226192,100421,train,7,5,17,30
1805075,100426,train,4,5,9,30
202281,100637,train,14,1,18,15
248159,100696,train,8,2,23,30
2678587,100711,train,37,2,9,7
2084385,100757,train,6,1,11,30
2855574,100832,train,14,0,13,30
1216743,100893,train,5,6,12,30
2079144,100990,train,61,5,14,3
2646353,101013,train,5,3,18,30
2659390,101124,train,28,5,14,6
2196205,101286,train,13,2,16,10
3316694,101469,train,6,0,21,12
497058,101635,train,4,4,10,30
743838,101637,train,8,6,20,7
2529208,101771,train,9,3,23,23
2772574,101824,train,13,0,13,19
2755945,101918,train,5,4,12,30
3410496,101958,train,10,0,11,14
2895688,102065,train,7,1,11,4
1800329,102103,train,10,2,10,30
1814023,102116,train,6,0,14,7
1417888,102158,train,16,0,13,30
1630634,102243,train,18,5,12,30
738129,102287,train,5,3,19,7
2182772,102292,train,7,1,16,30
416326,102349,train,7,4,14,30
2201679,102353,train,14,2,16,6
2424099,102366,train,16,0,8,30
1363909,102376,train,54,0,14,5
85183,102473,train,16,2,12,15
459014,102491,train,4,1,16,14
2501747,102562,train,23,5,13,30
2737504,102577,train,8,1,14,24
3381623,102583,train,10,1,15,30
2868760,102625,train,8,3,8,14
386885,102786,train,10,0,19,13
822172,102865,train,13,4,18,16
965415,103028,train,60,4,23,6
906236,103318,train,37,6,13,6
697382,103394,train,4,0,16,20
2805992,103398,train,6,0,14,8
2872508,103422,train,6,0,11,30
1851650,103434,train,28,2,11,6
207425,103514,train,20,2,12,29
1352523,103535,train,7,2,17,9
898066,103546,train,40,0,10,14
2672704,103749,train,27,1,8,3
1934346,103778,train,20,2,13,10
3056026,104178,train,27,4,12,30
2388398,104188,train,6,0,14,21
1234072,104389,train,11,4,13,16
40123,104420,train,4,2,14,30
1430062,104442,train,38,6,15,7
3401127,104475,train,8,1,12,7
1934154,104656,train,18,6,16,11
1644899,104710,train,17,0,14,27
2064965,104856,train,7,2,15,30
581235,104990,train,5,1,9,5
3369520,105049,train,12,0,12,30
793286,105215,train,16,3,12,4
200316,105355,train,45,0,11,9
1973864,105375,train,56,2,7,8
1920089,105600,train,8,6,17,14
2657994,105759,train,7,3,16,1
3113403,105940,train,7,3,7,30
118332,105943,train,5,0,9,16
1938710,106076,train,15,2,16,30
101235,106080,train,24,1,12,14
136528,106097,train,8,2,22,16
2139551,106122,train,8,2,10,9
3147373,106204,train,35,6,10,3
2131359,106279,train,17,0,7,29
1406254,106292,train,27,2,14,30
2714962,106337,train,14,4,21,7
2497320,106410,train,7,0,15,30
1558851,106459,train,4,0,14,13
1825332,106470,train,14,0,10,13
395408,106481,train,49,5,14,4
1810204,106590,train,17,2,12,30
100503,106592,train,7,6,18,30
3278532,106665,train,12,0,12,12
1846222,106704,train,14,0,10,30
3041664,106726,train,41,5,15,7
1374561,106821,train,9,1,13,9
1031521,106829,train,5,0,16,30
338348,106922,train,13,0,12,14
61280,106951,train,7,3,13,8
228658,107024,train,69,1,14,6
954245,107037,train,8,0,10,22
96148,107067,train,10,0,21,30
2822880,107182,train,23,4,15,18
1915151,107233,train,5,6,12,5
1990406,107353,train,12,3,11,8
843125,107380,train,4,0,12,14
3413100,107510,train,36,6,6,7
2431062,107576,train,4,6,14,30
1437951,107689,train,7,1,10,4
617445,107806,train,5,3,17,30
2862789,107807,train,46,2,11,2
2007269,107823,train,11,1,20,30
3018207,107853,train,7,5,22,0
139588,107910,train,13,3,9,6
3068,107976,train,9,3,14,7
3391363,108310,train,4,0,10,21
2109456,108414,train,16,3,17,7
634618,108419,train,21,3,15,10
716808,108564,train,96,4,8,7
2087,108750,train,9,4,8,5
617896,108816,train,31,4,16,5
629227,108837,train,9,0,16,6
1111523,108978,train,11,4,21,14
1285951,108986,train,15,0,15,21
286598,109012,train,4,5,15,30
326540,109067,train,5,5,17,16
1498264,109094,train,14,2,15,15
1187789,109165,train,6,4,17,25
481788,109243,train,15,6,9,6
3238381,109275,train,4,5,12,7
969512,109369,train,6,5,14,30
1556081,109453,train,7,5,19,30
744812,109492,train,7,2,10,6
1484197,109633,train,8,0,11,27
2723751,109662,train,8,0,7,20
3228836,109736,train,21,2,9,20
2259069,109787,train,25,0,20,13
319324,109970,train,25,5,9,7
2542434,110070,train,19,4,12,25
2395944,110145,train,4,4,13,30
607378,110209,train,10,3,14,21
51335,110211,train,39,3,18,5
3358666,110249,train,7,3,11,30
1551842,110324,train,8,2,11,30
2514004,110325,train,5,0,11,14
2406535,110366,train,8,3,13,30
1249404,110376,train,9,1,11,15
413274,110410,train,18,3,15,16
457874,110579,train,5,1,13,30
659886,110580,train,28,0,14,15
1644648,110666,train,7,2,19,15
950002,110730,train,12,1,10,14
1387952,110742,train,8,4,13,16
958906,110750,train,8,1,19,30
3320454,111041,train,28,2,16,8
839135,111055,train,9,2,21,30
2788818,111187,train,7,0,15,30
1457950,111230,train,8,0,11,30
924272,111314,train,7,1,16,11
1409109,111465,train,14,5,9,15
2767640,111530,train,14,2,9,4
931708,111590,train,41,1,16,7
2936596,111598,train,27,2,15,1
1206021,111694,train,12,6,21,6
3192883,111829,train,44,0,21,10
2101816,111851,train,5,2,21,30
1626479,112503,train,9,1,9,30
1280104,112656,train,12,6,7,30
631433,112759,train,10,2,21,30
506233,112803,train,12,2,10,13
561015,112944,train,7,2,23,14
1426828,112953,train,22,0,10,4
757437,112965,train,46,6,17,8
641659,113125,train,5,0,13,30
587344,113130,train,15,2,11,30
1514383,113135,train,6,1,14,21
2819021,113190,train,10,1,12,7
1660775,113192,train,5,4,15,12
1738162,113310,train,10,2,15,12
1175539,113343,train,4,0,17,30
2766182,113454,train,4,4,17,30
1713447,113459,train,12,1,11,24
1525918,113484,train,13,1,11,4
2857242,113490,train,17,3,12,30
2676365,113492,train,6,0,13,18
1306912,113522,train,6,5,10,5
779664,113622,train,4,0,16,30
2248546,113662,train,5,4,13,0
856965,113696,train,15,6,15,2
2382504,113805,train,4,1,13,30
2940159,113989,train,13,5,17,8
176414,114064,train,15,0,14,16
1580614,114150,train,29,0,8,21
817487,114250,train,21,3,11,14
1026638,114260,train,31,1,16,5
1586821,114285,train,23,0,23,13
1830633,114303,train,15,0,6,11
3003419,114503,train,9,0,9,4
3408685,114543,train,4,5,17,13
2019256,114586,train,15,3,14,30
2876521,114590,train,5,0,19,30
2149227,114631,train,7,4,16,13
2295625,114659,train,5,0,18,15
1496386,114685,train,31,5,11,14
2510802,114793,train,4,2,14,16
1210450,114832,train,10,2,22,28
1839885,114906,train,8,1,11,30
491423,115166,train,12,2,16,30
3278717,115167,train,8,3,16,30
3042331,115206,train,9,5,18,11
343869,115475,train,27,1,10,7
343610,115600,train,10,3,1,30
2312145,115742,train,6,2,15,30
1428298,115812,train,39,5,8,3
1672752,115816,train,4,0,14,28
1112902,115820,train,4,0,17,20
3307920,115824,train,28,3,19,13
2720211,115854,train,14,2,21,9
3052404,115870,train,15,1,15,13
2175034,116050,train,4,0,12,30
1367373,116088,train,7,6,15,30
1408868,116123,train,7,3,12,16
1326341,116226,train,13,6,13,0
94366,116292,train,7,5,11,30
2207390,116342,train,19,3,8,9
3408875,116568,train,15,6,18,30
2818052,116714,train,10,0,9,12
1696852,116753,train,9,6,10,6
1777738,116778,train,12,6,15,27
381537,116789,train,43,1,7,4
1356417,116823,train,4,0,16,14
1319510,116836,train,4,4,12,8
1501261,116845,train,83,4,10,6
1029567,116898,train,19,0,2,6
2718235,116945,train,18,1,9,13
466750,116947,train,10,3,7,23
2429911,117006,train,12,1,5,27
574323,117061,train,5,0,11,19
2549777,117063,train,15,4,18,30
851233,117226,train,11,0,20,30
519991,117254,train,44,6,9,5
1812152,117260,train,39,0,10,6
2656747,117388,train,70,0,14,2
2614427,117425,train,13,1,7,24
2588728,117552,train,19,0,17,3
2298341,117603,train,5,6,13,30
469287,117658,train,46,3,11,7
1059499,117686,train,14,0,13,30
1887316,117830,train,10,3,10,13
1078008,117914,train,15,5,17,30
1913614,117977,train,7,0,18,29
1090415,118055,train,14,1,12,30
2481846,118158,train,7,4,15,30
862461,118185,train,94,0,5,1
1890202,118201,train,4,6,10,15
1648483,118222,train,8,1,14,4
614899,118245,train,9,6,13,14
2107214,118376,train,13,4,14,20
2456075,118393,train,10,0,18,7
2369300,118435,train,9,0,14,14
2545884,118573,train,29,4,15,10
2828383,118662,train,6,5,13,30
1216882,118707,train,25,6,13,30
1249517,118731,train,9,0,11,7
433032,118766,train,12,1,20,30
759796,118887,train,4,0,8,30
3065755,118900,train,19,1,8,30
2588247,118939,train,7,0,8,15
186561,119116,train,4,2,15,30
2993854,119138,train,24,3,6,9
533648,119238,train,6,5,17,28
712350,119458,train,4,3,17,26
809435,119652,train,10,6,8,10
3122846,119771,train,4,2,14,24
2096905,119843,train,20,1,15,21
500266,119894,train,45,5,13,6
2207468,120003,train,4,5,12,10
654296,120234,train,4,3,16,30
1829449,120298,train,20,2,13,12
2336557,120326,train,6,4,16,30
2875637,120412,train,27,2,20,7
598766,120420,train,16,1,7,13
317785,120475,train,32,0,14,9
886285,120486,train,10,2,3,30
3151212,120493,train,16,3,18,8
374310,120514,train,6,0,15,30
2911446,120550,train,6,1,16,30
3039513,120571,train,22,6,17,6
2822161,120801,train,4,4,10,16
1681064,120892,train,11,0,11,30
215493,121141,train,14,2,16,13
698950,121357,train,4,1,10,30
2728384,121377,train,7,0,17,9
2212156,121524,train,39,4,15,8
201681,121642,train,7,4,11,18
439669,121676,train,5,5,9,9
1929835,121693,train,5,1,6,6
1746140,121817,train,9,6,19,30
2564907,121892,train,16,5,15,2
3259724,122149,train,20,3,18,16
184189,122221,train,9,2,15,18
1934929,122223,train,16,3,10,8
861390,122227,train,7,1,13,9
1009446,122236,train,4,2,13,30
2741313,122256,train,16,1,17,28
854289,122309,train,9,6,13,30
2388481,122583,train,26,0,9,8
3247631,122613,train,14,1,9,30
1006489,122840,train,25,1,18,13
2809081,122860,train,22,5,18,30
1180204,122867,train,9,1,23,5
625318,122897,train,38,4,15,14
1233616,122943,train,11,4,14,8
1422197,123027,train,9,0,9,30
43194,123093,train,4,4,17,30
2102312,123157,train,6,0,19,30
3301012,123201,train,8,0,3,4
828965,123234,train,29,0,11,14
650147,123271,train,5,2,17,30
3394576,123280,train,11,0,10,30
1745001,123333,train,6,5,12,4
1377967,123338,train,5,2,11,7
3169889,123356,train,4,4,9,30
2956417,123482,train,4,1,13,19
2584075,123493,train,4,6,15,5
463895,123559,train,4,5,10,30
1907502,123658,train,14,5,19,7
961067,123668,train,9,0,22,7
1429603,123751,train,97,3,9,6
2545267,123880,train,9,6,8,14
1004625,123948,train,10,4,13,30
886798,123966,train,24,4,15,8
18905,124014,train,5,1,17,30
54344,124015,train,18,2,17,19
531272,124053,train,12,0,10,14
359615,124064,train,37,6,14,20
187107,124133,train,15,3,12,12
637580,124274,train,4,4,10,28
1175447,124308,train,7,3,11,30
240061,124361,train,22,6,14,7
2099337,124397,train,8,3,15,30
909171,124489,train,32,0,23,24
395016,124492,train,44,0,0,5
1066647,124506,train,6,3,14,2
2999734,124571,train,11,1,17,30
78382,124692,train,9,2,0,15
2296079,125045,train,27,0,11,30
2323577,125054,train,40,0,6,7
2303918,125067,train,14,0,14,4
2557528,125087,train,56,0,10,3
600097,125099,train,23,1,12,26
2793824,125123,train,17,3,9,16
338535,125247,train,25,4,15,3
1442205,125253,train,18,3,11,14
851082,125281,train,21,2,19,8
2986355,125315,train,6,0,13,14
781693,125350,train,16,4,15,5
3172662,125380,train,20,0,18,7
659793,125420,train,45,0,16,11
2651760,125462,train,31,3,12,6
2651424,125565,train,9,1,15,30
2108325,125613,train,4,4,22,30
2784192,125633,train,18,2,9,24
1017659,125705,train,18,5,10,1
2482721,125765,train,20,6,22,6
1773052,125769,train,7,5,13,30
1158954,125884,train,13,0,16,30
391003,125927,train,7,4,16,30
230000,125972,train,64,2,14,7
1888756,126013,train,7,0,13,30
1385346,126228,train,6,0,10,30
1238903,126252,train,9,0,19,30
1791387,126273,train,100,1,15,4
1465066,126281,train,31,5,9,7
2817611,126291,train,22,1,10,30
1868546,126323,train,9,3,8,30
1470481,126329,train,6,4,20,7
2842491,126335,train,11,1,16,6
3393751,126598,train,13,2,23,23
2897119,126718,train,24,4,11,10
2520406,126812,train,10,2,15,30
2195360,126859,train,17,3,14,10
3029374,126870,train,4,5,13,30
1003143,126913,train,4,0,7,30
951146,126916,train,5,6,18,30
117018,126925,train,5,1,16,30
336089,127099,train,22,6,18,30
2815119,127173,train,37,5,15,30
1916876,127482,train,14,2,9,22
800255,127559,train,13,3,20,22
2490132,127649,train,8,2,12,30
2266088,127783,train,11,4,12,2
168946,127835,train,9,6,8,25
1511664,127904,train,6,2,9,15
369063,127960,train,4,2,9,14
3074664,127968,train,31,2,18,5
2042580,128048,train,5,3,5,30
2767026,128381,train,4,1,10,7
959242,128383,train,5,2,19,16
2835323,128572,train,8,0,19,20
1553090,128609,train,20,0,13,21
95738,128626,train,27,4,23,30
2563053,128648,train,10,4,15,7
1512709,128732,train,52,4,10,1
731277,128838,train,7,0,5,30
2663076,128884,train,4,3,8,30
847595,129058,train,10,0,10,30
469973,129071,train,10,5,12,16
1952084,129157,train,7,3,13,30
2902536,129199,train,9,0,15,30
1695233,129365,train,42,1,9,27
501524,129456,train,7,5,10,30
394690,129565,train,45,6,14,5
1251068,129597,train,16,0,9,16
2775200,129648,train,10,1,15,24
1733447,129665,train,9,3,7,18
3206628,129666,train,4,5,0,30
1381739,129676,train,34,0,13,29
2048895,129693,train,20,6,20,30
1112006,129787,train,37,2,11,14
609306,129983,train,11,4,19,10
1977611,130116,train,7,1,17,13
1390728,130119,train,4,6,11,12
1408357,130177,train,20,2,22,5
3056551,130260,train,48,6,17,2
333080,130430,train,21,2,9,2
819853,130726,train,4,1,21,8
1881456,131001,train,18,3,21,29
471111,131006,train,37,6,16,5
2580821,131039,train,12,0,9,7
161640,131049,train,9,4,5,30
1104764,131050,train,46,0,11,6
1625083,131274,train,9,6,19,30
1608560,131287,train,5,0,9,23
2620955,131345,train,6,0,13,30
5356,131467,train,13,4,14,7
2407695,131648,train,13,4,13,30
510341,131735,train,22,0,9,22
2042804,132007,train,36,0,8,17
2255367,132026,train,14,4,8,30
636616,132064,train,5,0,14,30
2777480,132096,train,11,0,10,6
1544831,132235,train,8,0,12,5
2068463,132249,train,4,4,9,15
3179593,132282,train,44,5,15,10
1102314,132319,train,8,5,16,30
685478,132385,train,4,2,11,8
1574265,132444,train,7,6,10,21
3136404,132536,train,30,3,18,9
2047119,132593,train,7,5,23,27
2428857,132638,train,6,1,15,30
1501098,132720,train,4,1,9,17
2120718,132797,train,4,4,17,0
2038968,132824,train,4,3,10,30
1437835,132909,train,5,5,13,30
2953372,132933,train,11,0,9,4
927605,132966,train,4,5,4,7
3189446,132984,train,10,0,16,14
1999666,133023,train,26,5,19,23
351776,133041,train,5,6,8,15
3331445,133106,train,16,1,9,8
669276,133191,train,10,2,9,9
2679875,133201,train,4,6,10,30
1470222,133285,train,34,6,17,5
3069536,133306,train,6,4,13,30
1155050,133325,train,9,0,11,30
1502790,133335,train,17,2,11,27
2078453,133433,train,50,6,8,30
873961,133512,train,6,2,9,24
3165522,133635,train,22,1,10,11
548002,133669,train,10,0,11,14
1317826,133691,train,40,4,17,2
2668353,133707,train,43,0,21,7
335977,133802,train,7,2,11,12
1689866,133845,train,38,3,17,9
713348,133849,train,35,2,12,16
2982962,133906,train,9,4,12,28
1933910,133978,train,6,3,10,30
1268210,134062,train,32,3,17,30
1614045,134182,train,32,0,11,15
2145986,134419,train,35,1,19,5
242631,134466,train,14,2,16,6
2935275,134558,train,15,6,11,27
2805183,134560,train,10,4,9,8
2733403,134571,train,9,1,12,30
2620315,134634,train,6,0,13,21
2836412,134636,train,16,1,12,6
634572,134853,train,8,5,13,30
201727,134948,train,8,6,14,6
1983286,134991,train,7,0,15,30
878982,135030,train,30,0,18,15
1743524,135118,train,33,5,11,30
684229,135134,train,17,0,7,28
1028953,135367,train,55,5,17,5
2691174,135518,train,6,2,15,30
2796157,135533,train,8,0,21,3
2892969,135534,train,14,5,10,16
562031,135557,train,17,1,14,20
2271195,135582,train,8,6,14,13
323915,135665,train,4,1,14,30
690653,135683,train,55,4,17,17
2992044,135742,train,10,0,10,30
1260220,135856,train,11,1,15,28
629040,135857,train,4,0,13,2
313686,135929,train,41,1,14,4
2985224,135954,train,11,5,22,5
2018476,136089,train,13,0,14,5
3338468,136123,train,20,2,16,29
2939649,136139,train,7,3,14,30
1021592,136454,train,14,6,22,14
2944805,136471,train,4,0,9,28
968014,136476,train,4,6,11,30
1518638,136495,train,33,0,7,8
2357938,136497,train,22,0,16,5
856164,136571,train,5,1,8,9
1090081,136723,train,8,1,11,14
2552420,136752,train,10,0,12,4
1392391,136775,train,31,2,6,5
3340763,136848,train,6,5,12,2
1377150,136868,train,4,0,17,30
686735,136911,train,21,0,10,12
607872,137016,train,4,5,7,30
1333290,137043,train,15,6,16,8
3179908,137081,train,69,0,10,6
2118692,137109,train,39,1,15,21
1037024,137189,train,13,1,9,7
2493256,137222,train,5,1,17,14
1427514,137240,train,11,2,7,30
2290253,137297,train,15,1,20,15
2360099,137428,train,13,1,12,12
1127364,137542,train,9,1,12,29
1508568,137790,train,4,2,13,30
808999,137889,train,27,1,7,7
1922210,137903,train,5,4,11,30
2896414,137942,train,17,0,12,29
253324,137967,train,17,0,10,6
2873106,138126,train,100,6,16,2
1971195,138190,train,10,3,17,26
242994,138213,train,9,1,7,7
353498,138252,train,10,4,20,30
1356177,138299,train,4,3,13,19
1129027,138322,train,20,2,12,30
2959588,138346,train,5,1,8,8
447980,138362,train,15,5,20,15
919637,138374,train,4,6,14,6
2558200,138401,train,85,6,8,2
1021175,138566,train,32,1,15,30
1459811,138599,train,12,0,13,30
1072808,138767,train,37,0,16,6
1578587,138905,train,9,5,10,23
339941,138912,train,16,3,19,23
2143709,138967,train,39,1,11,13
2887125,138987,train,15,6,10,7
1762597,139063,train,11,0,16,7
1685645,139084,train,7,4,13,30
1511783,139288,train,17,5,19,11
1610676,139291,train,17,5,12,4
2961350,139307,train,12,3,15,2
1102136,139344,train,25,6,19,7
721146,139715,train,6,5,7,16
560229,139802,train,5,0,18,30
701278,139847,train,69,4,14,4
2243586,139926,train,12,0,10,7
3412335,139974,train,41,0,9,4
27723,140002,train,15,2,9,19
2605670,140011,train,11,5,14,11
627760,140067,train,50,1,11,6
1274954,140195,train,12,0,13,11
862058,140275,train,27,3,13,17
3166179,140307,train,30,1,8,30
1645042,140360,train,4,2,10,30
1116838,140441,train,5,4,2,30
1612869,140539,train,20,4,8,5
38611,140560,train,9,2,14,30
105733,140564,train,43,2,7,10
1130131,140602,train,6,6,9,30
401332,140622,train,4,6,15,30
204378,140625,train,4,5,14,8
84011,140643,train,17,0,16,6
3416459,140650,train,7,3,9,8
351905,140691,train,12,5,14,27
2024995,140775,train,11,0,7,16
1109954,140797,train,7,4,10,30
1951577,140860,train,48,0,17,8
337286,140880,train,4,4,11,30
2372166,140906,train,35,5,15,14
2306503,140953,train,13,4,19,30
2340267,141010,train,5,6,15,30
2105107,141085,train,4,2,20,17
3294536,141177,train,6,6,14,30
2076983,141271,train,11,5,16,7
2792577,141366,train,8,0,20,6
2243912,141393,train,10,2,9,19
1947161,141395,train,49,6,17,7
3349689,141405,train,9,6,14,5
628572,141436,train,5,0,17,18
1003358,141462,train,48,5,17,4
3329102,141493,train,4,3,1,30
1495686,141536,train,5,1,14,21
1486036,141565,train,4,2,15,30
1538490,141588,train,5,2,15,7
2329546,141681,train,6,0,14,30
741144,141705,train,11,0,18,30
1870998,141713,train,17,0,15,15
346985,141762,train,15,0,9,3
1848166,141801,train,7,2,9,20
1586533,141812,train,7,0,9,7
3216783,141821,train,7,6,13,30
1228500,141863,train,11,4,11,30
740700,141891,train,25,6,20,25
2371442,141964,train,21,6,8,12
2472433,141992,train,5,6,15,30
3039840,142023,train,5,3,15,30
4801,142030,train,28,5,17,10
3379400,142135,train,22,5,16,13
292114,142236,train,11,3,9,14
880713,142269,train,6,0,16,30
911690,142295,train,6,6,9,9
2786631,142653,train,4,0,13,6
214718,142790,train,4,1,11,30
735717,142799,train,5,4,13,5
1620055,142948,train,20,0,17,7
1488081,142991,train,24,2,9,7
734499,143250,train,11,2,21,7
1753410,143349,train,11,1,12,29
624351,143431,train,8,5,17,30
1693205,143453,train,8,4,7,30
2508538,143588,train,15,3,18,30
2041250,143610,train,11,3,19,8
1109857,143686,train,57,0,11,4
1885519,143770,train,27,1,18,24
486647,143784,train,21,6,17,20
2538020,143802,train,5,0,15,30
2303926,143807,train,4,3,13,30
2639316,144210,train,10,3,16,30
1451093,144219,train,5,1,11,26
1008423,144525,train,8,2,6,7
3375008,144594,train,10,0,10,5
2986385,144811,train,4,1,14,30
2903567,144893,train,32,0,11,13
1287702,144907,train,6,1,9,10
572437,144924,train,4,1,16,30
683520,144983,train,15,5,15,4
2398639,145052,train,100,1,11,3
1662114,145074,train,19,4,11,2
145993,145090,train,7,2,9,30
2171643,145116,train,4,6,11,30
497998,145384,train,21,0,19,7
528122,145462,train,4,0,20,30
3287863,145508,train,15,0,11,16
508635,145515,train,9,0,15,30
526801,145557,train,49,3,21,12
2405413,145567,train,4,3,9,0
2133922,145574,train,4,5,13,17
1288248,145599,train,100,2,11,3
2600329,145638,train,9,5,18,10
2742437,145642,train,21,2,16,21
722905,145657,train,41,4,17,7
2006067,145747,train,4,0,13,7
2664370,145760,train,4,1,17,30
2368233,145892,train,12,2,15,30
363795,145937,train,4,6,9,1
504624,146080,train,8,3,0,13
1389858,146097,train,9,5,13,11
2330591,146236,train,6,4,17,30
262442,146267,train,9,3,19,7
2509974,146366,train,4,5,14,30
3223024,146413,train,7,0,11,12
347492,146424,train,10,3,20,2
3294302,146443,train,5,2,17,3
2236526,146521,train,27,2,6,0
3237892,146633,train,7,0,17,7
2877663,146643,train,5,0,9,11
1525887,146704,train,7,0,15,30
2336910,147000,train,4,0,13,30
831130,147038,train,13,2,9,12
2410189,147076,train,32,0,9,8
484619,147145,train,64,5,13,14
1573259,147232,train,8,5,13,30
1949941,147281,train,33,6,17,4
3136877,147421,train,4,0,18,30
2642566,147516,train,42,6,17,30
2570041,147569,train,4,1,13,30
2449746,147572,train,4,5,18,30
3143195,147717,train,8,3,0,29
2530278,147827,train,11,4,14,30
1536431,147854,train,4,5,17,25
281238,147972,train,23,3,19,14
125527,148006,train,50,2,16,10
1387539,148089,train,9,3,12,30
3087074,148091,train,5,2,17,15
1020680,148122,train,25,4,14,30
508051,148139,train,16,1,22,16
2680744,148415,train,31,6,12,24
608281,148501,train,8,6,8,20
1647194,148678,train,5,2,12,16
1693132,148761,train,20,5,11,30
2729029,148847,train,7,0,13,21
320796,148895,train,28,0,12,2
1749666,148907,train,19,6,13,30
162130,148938,train,5,1,12,30
129002,148973,train,27,6,17,14
654635,148990,train,16,3,15,9
1615787,149071,train,9,2,19,30
2918149,149369,train,50,2,18,18
646772,149416,train,39,1,13,13
2607738,149522,train,8,5,17,26
949581,149534,train,7,6,18,5
1540934,149565,train,13,4,10,6
1167124,149624,train,11,4,11,30
2271773,149652,train,35,6,11,16
1302446,149675,train,5,1,13,9
1825654,149744,train,36,0,9,16
57650,149854,train,37,3,0,3
364310,149948,train,5,6,9,5
1784337,149952,train,9,1,10,7
2022893,149996,train,10,5,12,22
720627,150074,train,26,0,14,24
1862842,150226,train,7,1,10,30
754454,150269,train,32,0,12,14
1793332,150520,train,11,2,17,14
3355119,150524,train,9,5,11,23
2337940,150547,train,39,0,14,7
1711092,150566,train,6,2,8,30
2248227,150597,train,6,0,13,12
1244858,150603,train,39,0,14,3
884455,150692,train,26,2,11,0
404658,150807,train,6,2,13,25
2855925,150824,train,5,2,11,30
1331525,150892,train,5,6,10,12
2800782,151094,train,5,0,15,30
610603,151140,train,7,1,21,30
819751,151314,train,26,4,15,13
3178977,151326,train,16,1,18,11
2354322,151367,train,25,5,10,21
233714,151460,train,12,6,17,10
902770,151559,train,51,0,11,2
2009216,151643,train,12,3,11,16
3134889,151677,train,12,2,20,30
758614,151755,train,20,5,18,5
1003551,151789,train,19,5,15,7
394230,151933,train,5,6,11,20
1546270,151950,train,5,6,9,30
378945,152030,train,6,4,16,3
257948,152267,train,12,3,10,24
1870746,152551,train,37,0,7,8
286880,152598,train,4,6,16,30
525135,152676,train,10,1,13,5
621430,152796,train,9,1,13,10
957477,152810,train,5,1,10,22
2105368,152853,train,9,0,14,2
3293471,152859,train,25,3,21,30
2754838,152873,train,8,0,16,30
3074851,152888,train,15,0,17,30
538853,152908,train,9,1,16,21
864620,153010,train,10,2,21,30
1401017,153033,train,37,2,11,7
2427530,153124,train,11,2,18,5
2354001,153197,train,11,5,18,25
3219113,153259,train,7,2,16,21
1671786,153347,train,16,4,20,7
981240,153417,train,6,4,0,8
169045,153566,train,6,0,16,19
3194783,153671,train,5,6,10,13
3226672,153835,train,9,1,7,11
3083408,153848,train,76,6,11,2
1263905,153930,train,6,1,15,30
2153440,154042,train,6,3,11,24
2954102,154316,train,18,5,8,30
1939404,154406,train,52,6,18,10
2717506,154505,train,36,5,8,20
2111187,154557,train,61,4,15,7
2775070,154737,train,23,6,13,10
2574810,154780,train,9,2,14,30
1546828,154811,train,6,4,16,23
935325,154903,train,13,0,8,18
888460,154907,train,19,5,15,30
781241,155019,train,5,0,10,30
874999,155149,train,6,2,13,14
1729822,155261,train,4,4,20,25
2985571,155330,train,4,0,13,21
1665692,155389,train,15,6,19,29
3220146,155411,train,6,1,9,30
1642368,155498,train,68,3,16,1
444786,155537,train,46,5,8,1
2892268,155791,train,4,1,11,30
2610335,156024,train,19,5,11,5
899497,156033,train,8,4,16,21
3206640,156222,train,50,6,12,9
2480815,156258,train,11,2,10,30
17829,156377,train,17,1,13,15
1449699,156444,train,15,0,16,5
2156254,156586,train,20,1,13,7
2234481,156601,train,6,5,16,23
2255007,156622,train,4,0,11,13
3128441,156626,train,11,6,16,30
449923,156662,train,18,6,19,6
3138726,156732,train,15,6,16,30
3327683,156735,train,21,4,12,12
1513379,156746,train,6,3,9,30
819768,156756,train,13,0,17,0
3216266,156769,train,5,5,10,30
3368485,156828,train,7,0,10,30
704708,156852,train,4,6,15,5
2292551,156896,train,6,3,13,30
903107,157064,train,41,3,6,5
626157,157120,train,16,6,8,14
1536326,157228,train,14,2,2,8
2541661,157257,train,16,6,12,6
2062700,157369,train,39,3,13,4
3117383,157375,train,14,6,16,20
1084714,157423,train,11,6,18,13
3012764,157521,train,48,0,11,8
1690441,157534,train,5,0,12,30
3288563,157563,train,58,4,9,15
2912067,157595,train,11,0,10,28
3046837,157631,train,11,2,16,0
1357192,157894,train,4,1,0,30
1365963,157901,train,22,2,10,13
1453804,157938,train,4,2,18,30
1325040,157954,train,17,1,8,12
2274102,158002,train,26,6,12,13
2850918,158019,train,5,0,9,26
1339931,158020,train,4,6,16,7
2643504,158152,train,17,5,15,3
2007043,158214,train,4,2,12,25
2605729,158230,train,4,3,11,19
2408045,158577,train,43,3,10,6
180897,158618,train,43,5,23,12
1474622,158802,train,6,4,8,30
1039450,158840,train,16,4,14,1
2156441,158986,train,9,3,8,26
710107,159119,train,18,3,13,3
2306784,159169,train,31,6,1,20
3957,159235,train,10,0,15,8
2788042,159305,train,5,0,13,13
1378011,159405,train,42,0,17,11
250058,159407,train,22,6,18,6
2415567,159588,train,12,1,16,25
2795247,159666,train,8,1,13,30
543569,159898,train,8,6,8,30
2053699,159903,train,16,5,6,6
1033774,159991,train,8,5,12,30
698752,160128,train,4,1,13,20
2617460,160327,train,5,6,12,8
430808,160336,train,6,1,18,30
2199922,160581,train,10,6,11,1
2538673,160600,train,5,1,11,28
1126211,160616,train,4,0,15,19
1493214,160887,train,29,2,18,12
41665,160968,train,6,4,8,30
1087169,160970,train,58,5,17,5
849608,161063,train,22,6,16,12
3237186,161102,train,10,5,10,30
3164507,161215,train,5,4,10,6
2303078,161286,train,6,2,8,5
2192851,161297,train,4,6,11,14
3100970,161396,train,10,0,17,21
1500373,161398,train,6,1,9,18
1374864,161517,train,45,0,7,6
1555120,161602,train,18,2,11,7
670166,161622,train,24,0,13,9
2158156,161664,train,4,0,15,7
3366245,161764,train,24,1,18,4
2210475,161836,train,30,2,9,4
2515988,161893,train,36,1,21,30
1221059,161896,train,17,6,10,30
2830592,161928,train,80,0,14,4
2389538,162018,train,11,0,11,30
2283887,162021,train,14,0,11,19
3272136,162139,train,12,6,9,13
2234348,162161,train,5,3,15,20
1859465,162262,train,20,6,15,7
1516617,162286,train,4,0,19,6
3135062,162307,train,6,0,15,30
3233951,162375,train,9,5,9,30
3046897,162405,train,9,0,9,30
1650972,162431,train,5,0,14,14
2616843,162552,train,4,3,9,21
253655,162614,train,17,6,12,24
3252464,162631,train,24,5,16,6
1126307,162708,train,28,6,12,24
662460,162785,train,9,6,14,1
2444113,162828,train,27,5,13,30
1391998,162879,train,22,6,15,30
1562190,162910,train,5,6,19,30
3359321,162923,train,5,1,20,9
1962064,162984,train,35,6,15,4
550749,163018,train,4,2,10,14
2222679,163052,train,10,3,21,6
1932229,163316,train,17,0,17,13
3004674,163458,train,5,0,21,30
3015792,163548,train,6,4,19,26
673286,163713,train,4,4,9,23
874900,163731,train,21,4,10,3
3292695,163735,train,22,6,13,8
2611974,163736,train,6,2,0,14
198841,163828,train,11,4,8,2
1413782,163837,train,49,0,12,6
631490,163845,train,5,5,13,19
1361193,163871,train,10,3,13,16
2611648,163929,train,6,6,9,21
2811857,164059,train,8,3,14,30
878658,164063,train,15,5,13,30
1396786,164148,train,4,1,13,30
2750455,164205,train,5,3,9,14
809920,164226,train,4,0,15,30
1630564,164321,train,5,5,12,8
255693,164405,train,11,0,15,11
1674689,164452,train,4,0,11,30
1501135,164663,train,12,3,17,17
511356,164709,train,8,0,19,7
89159,164726,train,14,5,16,6
2265517,164848,train,4,6,17,12
1810873,164887,train,11,1,14,15
3212669,164919,train,25,0,11,30
3260371,164993,train,38,1,16,8
1499884,165008,train,7,4,16,30
2747091,165073,train,14,0,15,30
2015353,165129,train,7,4,7,25
2041511,165166,train,23,6,8,25
3196586,165186,train,5,6,10,30
381468,165188,train,6,1,12,30
1382912,165224,train,8,5,10,30
97861,165245,train,9,3,14,3
708259,165274,train,98,6,20,9
510036,165363,train,23,1,20,19
1246465,165508,train,15,1,9,30
2589576,165524,train,5,0,8,30
2711134,165711,train,12,1,12,30
426862,165807,train,9,2,13,18
398910,165857,train,62,5,10,4
1021926,165881,train,10,1,12,28
2864513,165958,train,9,3,11,30
889963,165981,train,4,0,10,30
998080,166012,train,5,4,16,21
2174043,166032,train,15,0,14,18
2643148,166085,train,7,0,8,30
1964543,166101,train,9,3,13,30
377477,166168,train,6,0,0,30
1357851,166175,train,12,2,16,7
2031910,166222,train,10,3,10,23
774323,166271,train,8,4,22,30
1925860,166274,train,8,2,10,30
1000046,166286,train,4,0,15,30
3239562,166349,train,5,3,0,30
1199194,166525,train,4,5,14,30
1511807,166563,train,19,3,15,4
1721738,166565,train,4,1,15,14
2634458,166611,train,6,1,12,7
2784998,166668,train,6,6,14,19
191438,166738,train,9,0,18,22
1913884,166822,train,9,3,7,30
970393,166861,train,13,1,13,30
2535661,166919,train,7,5,16,24
2051841,167009,train,12,0,23,28
1208645,167067,train,17,6,7,30
867725,167078,train,6,2,17,8
2591942,167114,train,11,5,4,30
2270917,167183,train,5,5,14,30
1785418,167206,train,13,1,16,10
2515097,167229,train,11,1,13,9
2009954,167249,train,10,6,19,20
2199391,167395,train,10,5,18,24
2885654,167409,train,5,3,12,20
1723061,167649,train,51,0,10,10
1204164,167890,train,13,1,16,28
171486,167892,train,4,5,16,30
23978,168058,train,17,1,13,9
2417708,168148,train,18,0,17,30
2121648,168209,train,4,1,12,14
225600,168272,train,10,0,8,30
964244,168420,train,9,1,17,30
1207399,168573,train,6,0,14,30
594200,168648,train,13,1,9,21
785637,168735,train,16,1,19,3
3071210,168755,train,4,6,15,30
62059,168812,train,16,0,11,12
1129850,168903,train,20,1,14,6
2826285,168921,train,83,6,6,4
28894,168977,train,4,0,10,30
2861725,168978,train,32,0,16,13
2285414,169012,train,5,3,10,19
1630716,169063,train,11,3,14,30
857197,169091,train,5,3,16,30
2713115,169156,train,5,0,0,7
199559,169166,train,5,4,15,18
344189,169182,train,5,0,10,8
2549142,169246,train,44,6,13,13
3273798,169273,train,7,6,12,30
416414,169378,train,12,4,23,24
2728498,169399,train,5,1,14,8
2102652,169443,train,16,0,11,21
2478442,169477,train,8,1,13,7
748535,169580,train,9,5,12,30
219841,169590,train,6,5,13,30
279500,169622,train,18,3,17,4
642190,169749,train,9,2,12,30
2613166,169845,train,14,6,12,24
2961194,169848,train,7,3,12,3
504018,170091,train,12,3,7,30
2562121,170106,train,12,6,13,6
115747,170114,train,13,5,22,19
3172090,170146,train,4,1,16,7
237171,170282,train,5,5,15,30
2132911,170318,train,6,5,11,30
465769,170319,train,7,3,18,30
1176861,170449,train,8,6,9,24
985834,170496,train,8,2,0,29
2355953,170557,train,10,0,11,30
1710435,170593,train,7,5,16,6
1527126,170715,train,5,5,12,19
3283453,170740,train,4,3,17,7
304956,170757,train,20,3,16,10
2538141,170770,train,8,2,10,30
3338296,170771,train,100,3,18,0
2732681,170787,train,87,5,9,4
2057977,170805,train,11,6,19,17
1775559,170824,train,24,2,9,21
1229912,170846,train,5,1,9,30
494597,170868,train,6,5,21,30
2818093,171002,train,4,6,19,27
367504,171021,train,17,5,18,30
663916,171048,train,23,1,19,9
1588827,171067,train,20,0,14,22
2706142,171156,train,15,1,17,30
1359133,171236,train,100,3,10,3
146782,171277,train,10,2,19,30
2862844,171565,train,22,3,12,6
1592300,171687,train,9,1,15,3
713290,171723,train,50,6,13,27
3163322,171800,train,5,0,9,30
200879,171806,train,12,3,14,26
1893594,171811,train,4,0,14,28
959236,171837,train,5,0,17,30
1791239,171854,train,5,0,13,8
3177033,171898,train,5,2,0,19
2242139,171942,train,4,0,14,30
759988,171973,train,4,0,14,8
2856228,172002,train,11,6,9,30
1218156,172013,train,11,1,7,30
2724923,172026,train,6,0,16,16
1074424,172209,train,9,6,18,30
842204,172455,train,5,1,17,30
1934139,172560,train,4,2,13,4
1113866,172595,train,5,6,8,21
2768366,172596,train,30,4,22,6
476152,172597,train,20,6,9,29
691889,172651,train,18,0,8,10
3400805,173031,train,12,5,1,10
887305,173063,train,4,3,14,30
3405148,173073,train,100,0,13,4
602522,173160,train,9,3,7,11
1581031,173218,train,15,2,16,30
3086907,173252,train,9,6,16,6
2128363,173298,train,4,4,16,30
3082418,173300,train,47,0,8,7
1242337,173427,train,41,6,14,2
3392896,173435,train,37,0,14,2
2884695,173438,train,4,1,15,20
527563,173487,train,11,3,10,24
2162847,173616,train,6,6,11,21
2597557,173618,train,7,3,17,3
1796447,173621,train,6,6,19,8
60770,173668,train,12,3,0,30
2687860,173695,train,4,1,17,22
2414032,173926,train,5,0,17,14
2005809,173942,train,18,2,11,7
2045824,174047,train,11,4,16,20
32079,174083,train,4,5,22,30
1646796,174163,train,44,6,16,21
958879,174170,train,10,3,18,7
1025582,174255,train,9,0,11,30
133700,174261,train,25,1,15,15
3019199,174366,train,37,1,20,3
355325,174407,train,4,1,15,4
2640658,174654,train,19,2,16,15
328367,174678,train,26,6,9,14
830570,174693,train,9,4,21,30
3224289,174741,train,43,1,10,6
387824,174790,train,7,0,15,15
2645274,174907,train,38,3,19,4
2737657,174983,train,16,1,19,19
3091196,175017,train,5,2,18,30
3225613,175095,train,13,5,17,0
3344543,175125,train,35,3,15,12
2717006,175325,train,4,3,14,26
1732317,175352,train,9,0,13,21
1520320,175448,train,14,5,7,30
2470374,175481,train,5,0,15,16
332116,175497,train,4,1,19,1
1515610,175532,train,15,6,18,17
1288792,175762,train,18,4,9,30
64652,175768,train,45,0,13,7
2477566,175872,train,8,0,1,20
3169965,175874,train,32,0,13,7
1394407,175941,train,54,1,11,7
2251577,175970,train,21,0,12,0
778346,176081,train,10,3,19,4
2019625,176128,train,5,6,13,11
3025933,176224,train,4,4,18,30
1575871,176301,train,20,0,17,19
3284043,176314,train,14,6,23,17
86762,176331,train,23,0,13,21
2194412,176385,train,24,0,14,23
2227579,176469,train,100,2,6,2
2722606,176621,train,7,5,11,30
2034768,176697,train,8,5,7,7
1519880,176914,train,5,3,15,22
736884,177039,train,17,1,12,30
2831886,177330,train,10,5,14,11
2226948,177352,train,4,3,15,29
1588260,177473,train,13,5,21,14
174322,177569,train,7,5,14,30
2845055,177689,train,54,0,14,7
2610246,177844,train,14,4,11,9
2408174,177857,train,10,6,21,5
2453447,177928,train,4,5,9,30
1816905,177994,train,12,6,11,20
3325449,177996,train,41,2,20,6
667701,178038,train,22,1,16,7
2701862,178247,train,36,0,17,15
2499597,178354,train,11,5,16,19
612873,178400,train,4,2,12,30
2920800,178402,train,15,3,21,2
1342346,178462,train,10,2,9,30
209542,178502,train,6,6,18,29
2742820,178544,train,8,6,23,30
3217422,178558,train,70,5,16,5
439122,178654,train,8,2,16,28
2024160,178662,train,7,0,14,30
618887,178670,train,16,6,16,8
439063,178830,train,5,0,16,30
3336623,178889,train,52,4,18,4
86977,178892,train,6,0,12,30
2277414,178977,train,24,0,8,14
1156256,178981,train,6,0,13,25
552468,179109,train,25,1,7,16
3281236,179268,train,5,0,13,9
1157020,179294,train,6,6,14,4
50283,179329,train,8,5,17,30
1675113,179520,train,11,1,21,5
3304300,179545,train,22,3,16,9
2823861,179667,train,98,1,6,4
1369416,179738,train,8,1,17,18
3269826,179783,train,30,1,16,9
2854455,179804,train,17,4,15,7
1717836,179895,train,11,6,9,30
2307420,179964,train,37,1,10,23
2940272,180011,train,4,1,13,5
2157344,180110,train,10,0,11,8
2814426,180159,train,11,0,18,8
265095,180172,train,18,6,17,20
66092,180582,train,15,6,10,7
2326901,180716,train,22,5,10,9
3273662,180848,train,4,4,11,30
839600,180849,train,13,2,18,30
181788,180895,train,4,4,18,30
1426364,180902,train,22,3,23,6
1590095,180923,train,6,6,10,30
154100,180942,train,5,4,11,11
1174881,180961,train,26,6,14,2
3379605,180986,train,31,0,10,7
769346,180991,train,7,4,13,30
2459064,181351,train,4,1,19,16
1224655,181424,train,40,5,9,7
1780895,181449,train,27,0,16,14
2023400,181670,train,7,6,21,30
2605634,181758,train,9,1,8,29
34029,181768,train,5,0,17,22
3385849,181918,train,8,5,12,18
3284105,182012,train,4,3,16,30
2670173,182025,train,26,0,10,15
1833607,182074,train,38,5,20,11
2516653,182185,train,14,4,11,30
1729826,182206,train,43,4,17,20
2809955,182312,train,12,3,10,13
1351719,182330,train,13,0,14,21
976238,182383,train,18,4,15,10
2169408,182397,train,34,4,12,13
2755300,182411,train,8,3,13,16
3263391,182447,train,18,2,16,15
1701352,182480,train,15,2,22,0
1249047,182554,train,12,4,16,6
2121633,182657,train,9,3,11,7
2931759,182754,train,16,2,15,12
3403509,182791,train,6,5,12,24
2358926,182933,train,4,6,15,20
1598119,183123,train,8,0,18,21
1659639,183226,train,33,0,13,0
996004,183238,train,11,2,15,30
2405149,183257,train,31,4,16,14
371052,183491,train,21,2,7,14
1456882,183551,train,12,3,11,26
1693644,183755,train,12,4,17,19
413409,183773,train,39,1,13,6
3142996,183826,train,6,2,8,30
497643,183883,train,5,1,18,14
2611670,183968,train,57,1,12,7
553100,183970,train,32,3,8,7
1652549,184341,train,4,0,18,30
1417757,184347,train,12,4,18,25
1885985,184362,train,12,6,21,9
3290255,184487,train,20,6,15,12
1067879,184519,train,8,5,8,23
581950,184542,train,24,3,8,6
1090854,184595,train,11,5,14,30
3204929,184722,train,15,6,20,4
482532,184824,train,9,0,17,30
178648,184850,train,4,0,20,11
2593388,184877,train,18,4,9,11
510142,184895,train,4,4,15,14
1872553,185081,train,10,6,17,28
3115641,185097,train,5,2,10,12
772093,185184,train,8,6,2,22
1656954,185195,train,6,2,19,30
1420902,185215,train,24,4,22,8
2371663,185320,train,6,4,10,23
1694345,185373,train,4,6,10,30
2148337,185385,train,33,0,15,13
234740,185408,train,5,1,8,15
69944,185429,train,13,1,16,30
2201462,185471,train,12,4,0,7
1300897,185673,train,23,5,12,8
3032116,185777,train,18,1,14,22
1666206,185815,train,21,6,15,7
961637,185861,train,15,0,21,30
3130070,185915,train,61,6,8,7
1929781,186026,train,8,1,10,1
1904866,186046,train,12,3,11,30
1133796,186121,train,31,1,9,14
3071827,186387,train,40,6,13,5
2031773,186440,train,29,0,12,7
383501,186447,train,6,3,10,28
1903039,186607,train,7,3,20,14
1919645,186819,train,10,0,14,30
82206,186970,train,49,6,11,7
2968020,186972,train,6,0,10,12
3293533,187031,train,7,0,20,14
3267371,187210,train,37,3,8,8
33771,187305,train,75,3,10,2
26820,187399,train,4,0,13,30
2493945,187401,train,4,1,9,14
119793,187449,train,5,1,15,22
2529112,187697,train,40,6,18,7
2567144,187754,train,47,1,9,5
1135105,187816,train,71,5,14,3
1641144,187823,train,20,2,10,14
1498364,187858,train,6,3,19,30
2832313,187918,train,9,2,21,5
389000,187941,train,7,2,12,30
788243,187953,train,16,0,17,8
2805533,187954,train,6,1,11,30
976276,187994,train,41,2,19,2
1282816,188212,train,50,1,8,13
147575,188243,train,4,1,0,30
913574,188248,train,30,4,19,11
1591,188528,train,31,2,17,6
3269412,188552,train,47,0,8,8
843692,188569,train,5,3,11,21
587301,188755,train,12,5,10,18
3087316,189055,train,21,4,5,11
1736119,189095,train,31,1,11,5
320037,189153,train,11,0,13,6
1933620,189245,train,4,2,18,24
54166,189258,train,29,1,9,7
3414331,189377,train,14,1,14,8
2763085,189413,train,49,6,20,4
1652080,189449,train,23,6,0,29
2758804,189478,train,13,1,16,30
33833,189567,train,16,0,11,7
3041791,189629,train,16,5,23,30
1511653,189825,train,9,1,21,8
2456288,189834,train,28,1,21,11
825312,189864,train,10,1,17,3
962814,189936,train,7,6,8,30
341238,189951,train,12,4,22,13
1426830,190075,train,43,1,19,7
1035591,190098,train,21,0,14,30
1434316,190114,train,5,1,9,28
39970,190147,train,29,0,13,30
1581655,190160,train,6,0,12,8
607445,190224,train,11,3,11,2
1187106,190271,train,7,5,11,30
2590675,190288,train,14,3,9,5
1107154,190365,train,5,2,7,19
3201512,190608,train,13,5,17,30
956190,190664,train,4,0,12,7
1997507,190751,train,11,0,14,11
1870906,190784,train,6,1,18,18
3132216,190853,train,21,1,15,13
16117,190862,train,8,0,18,6
1000685,190917,train,9,5,12,30
699903,190960,train,8,4,9,27
885860,190978,train,10,6,17,13
1941338,191059,train,5,2,14,25
905404,191091,train,6,5,12,30
2040962,191114,train,66,3,15,3
957446,191121,train,4,5,14,19
66324,191193,train,26,1,12,7
600660,191265,train,5,2,15,30
740488,191428,train,17,5,8,7
2434487,191633,train,11,5,11,4
508423,191706,train,20,5,9,30
2197080,191728,train,5,0,22,30
1165962,191879,train,9,6,11,28
1096653,191935,train,19,3,12,11
1490821,192131,train,27,6,15,9
692804,192171,train,41,0,11,7
2962375,192184,train,22,0,20,11
1466079,192185,train,24,5,9,8
1852694,192196,train,5,2,15,30
2385147,192393,train,4,4,19,8
586587,192401,train,6,2,11,30
3252083,192534,train,4,1,8,30
1061358,192542,train,42,6,15,30
2615303,192569,train,7,5,12,30
1858178,192571,train,27,2,17,25
3296107,192679,train,24,6,12,3
809469,192865,train,17,1,1,14
1084025,192998,train,24,5,12,3
2690685,193026,train,8,0,10,5
2542741,193064,train,4,5,10,30
2582855,193185,train,6,6,18,30
1777215,193197,train,16,1,15,2
3106240,193209,train,53,0,18,8
184320,193242,train,7,5,13,28
8595,193299,train,7,1,16,7
3281311,193358,train,5,2,19,16
653825,193362,train,10,6,17,30
105951,193539,train,63,6,15,6
826274,193642,train,42,1,13,4
2343201,193723,train,7,3,16,30
1996464,193973,train,10,6,10,8
13988,194014,train,43,0,20,6
2710428,194016,train,7,6,14,30
512341,194190,train,25,1,12,6
448367,194259,train,6,4,11,1
2849394,194273,train,9,1,9,14
1410661,194386,train,15,0,13,7
2742872,194452,train,53,3,20,8
1157053,194575,train,74,1,9,3
2737043,194777,train,8,1,11,30
3312869,194828,train,21,4,13,14
3035313,194836,train,9,0,17,9
358609,195062,train,19,3,9,13
259488,195191,train,10,5,9,12
2815701,195199,train,8,2,21,28
294026,195277,train,4,0,10,16
1438232,195310,train,8,0,17,9
252754,195342,train,6,2,15,30
349225,195527,train,51,6,13,14
496689,195582,train,47,5,19,12
2390481,195688,train,4,4,15,30
972863,195694,train,6,1,12,30
680662,195792,train,14,0,12,30
778432,195945,train,16,1,12,7
1802119,196072,train,16,5,17,0
942964,196075,train,96,6,18,1
2781178,196079,train,8,3,7,30
3356165,196235,train,5,6,20,16
3061169,196324,train,25,0,21,1
857771,196648,train,5,2,16,30
2671730,196708,train,12,4,12,30
478890,196719,train,20,0,10,8
812794,196723,train,4,0,14,14
2707394,196743,train,7,1,14,10
1081649,196806,train,25,4,8,3
21029,196838,train,13,1,18,4
600985,196945,train,4,2,12,30
104170,196947,train,4,5,20,30
1284756,197047,train,4,0,16,0
1611938,197088,train,18,6,19,7
1575521,197149,train,18,4,18,30
2853413,197170,train,6,6,11,3
2041610,197195,train,5,3,9,11
2480145,197196,train,6,4,12,9
2817917,197220,train,5,2,18,8
746948,197270,train,20,6,16,30
1571780,197325,train,15,1,14,22
2289364,197379,train,8,0,12,7
2859068,197662,train,4,1,20,6
3363401,197682,train,10,2,15,30
1233517,197723,train,24,4,21,9
1703307,197931,train,6,2,21,28
137924,198019,train,24,3,17,9
1917765,198027,train,4,5,14,11
1162372,198146,train,4,0,12,20
2632950,198288,train,16,1,13,17
2802875,198317,train,14,0,10,7
3248279,198494,train,30,2,10,7
3028213,198728,train,9,2,8,30
880091,198743,train,18,0,15,11
1048543,198805,train,16,1,8,14
265952,198856,train,67,1,12,3
790068,198979,train,6,5,14,19
693317,199121,train,7,3,19,15
2711951,199278,train,42,1,14,11
2406004,199457,train,13,6,3,8
3366155,199597,train,53,3,7,5
3314232,199708,train,13,4,2,30
3100214,199717,train,5,0,14,11
1647185,199789,train,24,2,17,30
2263833,199802,train,30,6,20,4
1295948,199871,train,5,0,11,30
1864299,199891,train,4,6,12,28
2018392,200126,train,9,1,23,4
2810696,200143,train,5,5,16,30
2802298,200190,train,22,6,10,12
3021717,200402,train,15,2,15,5
2500057,200523,train,5,0,15,30
1176256,200551,train,8,6,17,11
3344576,200569,train,9,1,10,7
218237,200570,train,11,2,9,14
3196716,200684,train,12,1,17,30
1941618,200689,train,4,2,17,16
1113086,200735,train,8,2,10,22
557003,200780,train,8,6,7,15
2226003,200855,train,7,1,16,20
3248174,200945,train,5,2,13,30
207817,200950,train,8,0,15,19
2254914,200976,train,22,0,7,6
1430612,201095,train,4,2,20,30
1897261,201145,train,4,6,21,30
1071095,201448,train,12,0,11,19
3329665,201501,train,4,3,17,30
724782,201511,train,6,5,19,6
1754998,201628,train,11,5,13,7
1916736,201782,train,14,2,10,6
3073140,201876,train,16,3,16,25
202692,201933,train,9,1,11,2
1653867,201936,train,18,6,7,23
3406478,201955,train,16,0,15,25
2765592,201979,train,5,1,17,30
185195,202051,train,11,0,16,10
2873992,202139,train,10,5,21,12
324993,202217,train,6,1,6,30
1944404,202294,train,6,4,9,10
1430737,202377,train,28,0,14,2
167220,202430,train,96,6,8,4
2898386,202484,train,43,6,8,15
2335762,202557,train,32,1,14,7
1729327,202590,train,8,2,7,7
2522051,202619,train,4,1,17,24
3144415,202620,train,12,6,10,17
3115525,202711,train,4,6,11,23
691500,202776,train,10,1,10,9
1059486,202816,train,5,0,18,30
3295001,203103,train,11,2,11,15
2261834,203128,train,8,6,10,22
114289,203167,train,32,5,10,30
1826309,203204,train,22,0,11,20
1954213,203241,train,28,6,12,30
505607,203488,train,7,1,14,28
727535,203581,train,21,4,23,17
1181750,203663,train,5,6,7,30
362722,203714,train,6,3,8,30
755436,203744,train,7,4,13,18
3344525,203793,train,4,4,14,30
2010652,203825,train,8,6,9,9
1753164,203873,train,11,6,16,17
1507949,203909,train,15,4,23,5
2100415,203927,train,16,5,14,17
2589284,204248,train,5,1,18,11
2458021,204265,train,14,5,15,30
1139025,204299,train,7,4,16,21
1269532,204404,train,6,4,14,9
2707800,204512,train,5,2,15,19
3319516,204513,train,25,0,17,7
2501619,204516,train,5,3,15,30
680616,204699,train,45,2,22,4
2071953,204827,train,10,5,17,5
367338,204894,train,25,3,0,1
2014327,204989,train,7,3,9,28
256922,205008,train,19,0,19,23
1409114,205161,train,4,4,22,16
1207186,205217,train,5,1,17,30
1849458,205274,train,4,6,16,30
3383637,205349,train,8,3,15,23
991621,205404,train,4,6,8,30
18769,205421,train,7,2,15,30
3349430,205647,train,84,3,11,16
3201624,205778,train,10,3,15,0
3284040,205801,train,12,4,16,30
1037363,205963,train,4,4,18,30
36804,206075,train,10,0,11,30
2547202,206101,train,14,6,16,25
2682845,206108,train,14,0,18,27
1611487,206123,train,29,5,12,17
1011957,206164,train,6,2,17,30
3383615,206196,train,5,0,15,30
