order_id,product_id,add_to_cart_order,reordered
3373162,47229,11,1
812794,28993,1,1
1229547,18531,1,1
1986228,36189,4,0
2157783,34854,18,0
1075175,6221,7,1
1500083,42582,4,0
215715,32573,4,1
2956417,46906,4,0
1373932,15902,12,0
500266,40659,6,0
1162372,41588,2,1
2982962,9084,2,1
1198433,3016,5,0
2255696,25513,6,1
3323129,34126,4,1
609243,5479,9,0
1337303,5616,7,0
830570,12481,4,0
3263391,39561,5,1
1501135,8412,4,1
913070,5516,4,0
2365068,35097,11,0
851082,19006,5,1
954206,39275,10,1
1378011,17794,13,0
3116788,27325,8,1
788243,45066,3,1
809435,11182,3,1
3382739,28221,2,1
355325,21626,15,0
1053355,21709,10,1
239146,2314,7,0
3080245,3988,1,1
386885,28553,10,0
1545596,48205,11,0
2085476,37637,6,1
3167542,33754,12,0
461963,6493,2,1
2024995,23622,11,0
1341323,27336,16,1
2478442,41527,25,1
1680248,30532,9,1
561015,14129,13,0
1870170,41319,22,0
2922266,7503,7,0
360755,17321,16,1
2018392,16168,6,0
2084385,14659,2,0
323915,46167,2,1
2231739,35628,10,0
1414658,39928,4,1
3320610,39275,4,1
1250135,39275,14,1
1795417,46059,2,1
1971003,43933,10,1
2585808,30391,2,1
1538490,25079,3,0
1066647,21903,5,0
2805884,47144,6,0
740488,27778,12,0
2449746,43352,25,0
2254914,41065,10,1
1920089,5818,2,1
1914478,13842,9,1
2201679,41950,8,1
2963483,8854,12,0
3211127,24852,3,1
1580614,42803,7,1
373666,24852,2,1
701278,16456,7,0
1262071,8730,8,0
2959588,21195,4,1
865516,28985,9,1
2897119,14862,10,0
2530278,343,2,0
637716,30391,17,1
1356417,47654,6,1
1123673,46802,4,1
2002482,5127,3,0
3169127,46979,2,1
2041250,8277,4,1
3224289,7539,15,1
3356165,6187,7,0
2075349,41534,6,1
2284610,25005,6,0
2589145,19213,9,1
570394,24852,2,1
976539,20383,3,1
2398639,46802,14,1
2514004,33000,1,0
1644899,38452,27,0
1275421,2238,14,0
2938296,42585,5,1
26394,18656,5,1
1202935,27510,10,1
3400805,29153,15,0
1945963,15950,13,1
2009954,42265,11,1
975590,40545,9,0
2754838,33000,31,1
951146,16823,3,0
1379236,11182,2,1
1977611,45123,1,0
828965,8930,7,1
948900,32915,24,0
2999734,27156,11,1
1113866,28289,6,1
2194125,26209,9,1
1146266,37993,20,0
2272393,17421,3,0
285388,17652,1,1
3117749,30442,6,1
2958473,21903,12,0
499639,30391,2,1
559105,29941,14,0
118716,38689,22,1
353933,34278,12,0
2854553,27729,9,0
743838,24850,23,0
3252954,4778,9,1
2520406,6052,6,1
2104977,40868,11,0
855236,20767,17,0
2985358,1935,1,0
504624,7515,3,1
286598,10991,7,0
1593064,42016,5,1
1287702,19549,16,0
2936596,32525,4,0
1462865,21938,5,0
2196203,35221,4,1
1650233,28985,4,1
309379,21137,11,1
1675113,49683,10,0
3022356,21137,15,1
3047430,22963,4,1
572437,9327,18,0
2336910,5876,14,0
85183,17207,5,1
1708223,358,4,0
3366155,27295,4,1
648800,10749,16,0
60770,11365,4,0
2793613,29395,11,0
3129899,20114,3,1
2104229,21616,6,1
1381739,28204,10,1
1969516,16965,5,1
143284,27966,2,1
1342346,5450,11,1
663916,17183,5,1
617419,11950,7,1
2541661,8518,10,1
2591942,5450,1,1
1829449,16759,17,1
1006489,10326,1,0
2501747,21137,22,1
24968,19678,25,1
3194880,45066,5,1
1357851,43713,26,0
2923531,43352,5,1
2326901,21694,7,1
3074851,47885,11,1
740957,39404,4,0
1969961,37646,11,1
2974484,46979,14,1
2151280,49683,1,1
2738367,5769,15,0
3117922,13176,31,1
2944196,44632,2,1
2064654,24852,10,1
142607,12858,11,1
2359582,43136,5,0
928535,11520,3,1
3957,13500,4,0
2434827,24852,1,1
1713022,9076,4,1
2005809,45916,2,1
109274,40055,11,1
610603,30214,9,0
2340640,17794,11,1
1269603,4781,11,1
2470374,11068,5,0
646772,43122,6,1
2038968,12149,3,0
851480,2014,19,1
1766563,44628,11,0
800255,44632,21,1
2270917,26209,4,0
1720356,28842,7,0
3166076,6087,4,0
416326,13535,16,0
2428092,49683,13,0
171486,27344,2,0
1053278,7021,5,0
2242139,13249,13,1
2474172,32578,6,1
736884,8723,22,0
2290253,35277,8,0
1162736,28270,28,0
2902299,25256,5,0
1598028,44485,16,0
1081649,49169,7,0
2733403,45613,4,1
1859465,48205,7,1
569457,28373,8,0
390101,28413,8,1
3133867,34005,9,0
2032614,28630,14,0
2474552,35534,7,0
600097,15386,10,1
890226,47601,3,1
1988698,1364,3,1
2903567,23375,23,1
240061,23543,5,0
2406535,21137,9,0
2976499,18441,24,1
128440,37215,5,1
351905,13774,2,1
733473,47209,2,1
3061169,2855,9,0
2195347,24441,2,1
1944404,23645,12,1
769346,32689,8,0
2751548,38739,5,1
1306897,40161,1,1
33001,19051,8,1
617445,36810,7,0
969512,29176,8,0
3237186,12332,15,1
2769899,27086,4,1
1039450,45066,5,1
1584542,4149,1,1
332116,17339,1,0
497643,1828,28,0
39970,48309,1,0
1085460,16759,10,1
1536431,35561,31,0
519454,29487,5,1
3052404,39491,24,0
439063,24699,14,0
642123,32655,5,1
228658,33120,3,1
3197072,25753,17,1
1870746,5764,21,1
2051841,26096,7,1
172736,44359,7,0
2947914,10585,6,1
1953041,39121,13,0
201073,44548,9,1
1931758,26639,1,1
3170000,196,2,0
3192883,23142,2,0
1083556,27344,5,0
2481846,18432,16,1
2864513,27531,3,0
2767026,8518,8,1
2059558,41787,2,1
95650,37935,24,0
741144,22935,9,0
225335,41220,17,1
285231,36418,8,0
2707800,22504,11,0
2547202,23805,11,1
2668353,28576,33,0
577283,34050,11,1
2623242,23919,35,1
2793430,28071,3,1
426410,3561,20,0
2374506,34448,20,1
1910087,2962,7,1
1590095,196,6,0
344642,45063,20,0
2343074,3298,4,1
1814462,2388,1,1
3207020,4232,2,1
3238226,9736,4,0
389000,48423,25,0
2490132,11130,5,1
1269532,7175,1,1
594200,35353,3,0
3414331,30391,13,1
398910,36918,8,1
1970017,46149,1,1
2312145,22825,18,0
1009446,24928,12,0
1666206,21019,4,1
3097248,2116,15,1
3382300,19734,17,0
857197,49683,9,1
1949941,17191,14,0
927605,46906,3,1
1246465,32534,15,0
685478,26315,10,0
84011,28985,17,0
2389538,13646,6,1
2251577,38970,3,1
1588260,41290,2,1
276574,39534,2,0
180304,44987,7,1
367338,44170,1,1
641659,27521,10,0
607550,22105,22,1
24994,18599,4,0
2799612,35535,8,1
2254359,47766,2,1
2416355,2519,3,0
2128363,10749,1,1
1591687,38768,3,1
110704,48140,6,1
1282597,37646,2,1
2259437,43352,3,1
803642,23734,18,1
3151212,21903,1,1
476152,21265,20,1
2767640,41642,7,0
3284853,47734,6,0
2848773,29594,3,1
1259963,38003,13,1
1941338,34969,6,1
683815,45541,5,1
2687860,27104,7,0
2055066,28252,3,0
1720258,42356,11,0
848928,49235,5,1
949182,11889,42,0
1021543,15902,3,1
1897261,28380,7,0
1996464,28156,12,0
659886,27570,18,0
3206628,45007,2,1
1078433,2078,8,1
3010719,7379,5,1
2458021,41065,3,1
85920,26209,9,0
1848166,2635,1,1
627645,31553,8,1
510142,32478,1,1
1941618,26002,14,0
721146,2680,3,1
683520,41544,4,1
168473,21176,35,1
2621480,21938,14,1
1870170,27903,13,1
2047119,15084,2,1
1409188,48205,8,1
1382912,13870,11,0
2331827,22290,5,0
2607738,11777,7,0
2546277,35286,13,1
167220,17021,20,0
1409729,4146,9,1
3025933,10096,3,0
2786631,29987,6,0
568203,43713,13,1
1695233,30016,8,0
1417888,18460,8,1
1426830,24852,2,1
543569,29447,1,1
447980,20747,20,0
2133922,37257,17,0
1667854,43749,2,1
62059,33731,9,1
3358701,20914,2,1
1178928,24204,14,0
1796447,47209,9,0
1175539,19625,1,1
1430737,13838,1,0
2399278,5025,4,0
2670243,27730,6,1
17973,23296,7,1
774323,46222,2,1
145993,30391,16,1
1512709,1185,7,0
1656954,20345,14,0
704924,38557,3,1
3288563,7175,10,1
1187789,27845,2,1
715754,8174,3,1
2885654,8670,4,0
3083408,21137,9,1
3418070,42768,8,1
2289597,36307,9,1
3226672,18089,15,0
1516617,38844,11,1
1131445,42768,4,1
1363909,47144,5,1
628572,38383,17,0
2723751,18444,6,1
735717,45290,1,0
115747,27845,18,1
3136121,45104,18,1
779664,2361,8,0
1527126,27429,7,1
39732,42265,11,1
82206,26209,15,1
2713115,43760,2,0
3068504,46572,1,1
1003458,26209,4,0
2105368,23165,6,0
2768832,33572,5,1
1400434,43761,5,1
1238903,31127,14,1
2854969,14346,11,0
2837144,5819,7,0
2161862,44910,2,0
1611938,39928,3,1
387848,13176,18,0
2918149,47826,3,0
66324,47042,21,1
2811857,21150,13,1
2850918,24852,25,1
1762173,13176,1,0
1435511,40199,5,0
2681880,14212,1,0
2549777,47209,5,1
2663076,40681,10,1
185195,33290,3,1
1791756,2966,12,0
1273082,24852,2,1
259488,45954,4,1
112667,45633,8,0
483510,24097,22,0
1678287,44213,20,0
541244,16797,5,1
1393302,38693,2,0
389648,13988,2,0
1581476,17168,1,0
1501261,45002,2,1
228747,27104,11,1
958879,42829,18,0
1800329,38300,6,1
169045,44085,20,0
2973264,37710,6,0
2680744,4210,2,1
2430013,23226,7,0
1529111,36522,22,1
2476996,6274,3,1
1783355,48720,8,1
1657565,15100,8,1
333080,33787,5,1
1014860,26171,10,0
811992,22133,1,0
3004674,31478,17,0
3402313,1006,19,0
1581095,3431,2,0
2289546,14499,2,0
294026,39046,9,1
199559,44987,4,0
253655,36772,8,1
2828383,43337,3,1
2501619,9839,1,1
3228836,46667,10,1
1102314,15842,5,0
497998,196,1,1
392472,36640,14,0
1971195,13176,1,1
2431062,30811,3,1
898066,33911,14,1
2884695,26165,2,1
1709564,14379,4,1
2800782,23909,8,0
2643504,42356,6,1
1288792,14429,1,0
2742872,34448,7,1
550918,44310,1,1
3229562,16965,11,1
3144415,20114,18,1
580476,18362,1,0
72234,42117,5,0
103546,9124,9,1
600660,23016,8,0
2409841,26839,9,1
1189009,7781,5,0
2427530,16953,6,0
2266088,42611,18,1
394230,5770,8,1
1127364,32030,4,1
1175447,46175,20,1
2861725,47209,5,1
3407782,8574,7,1
2474486,49174,8,0
250058,14992,15,1
640063,41745,8,0
579214,24830,13,1
1167785,37646,9,1
1090415,22504,7,0
2781178,16953,22,1
191457,24024,13,1
2006067,34335,4,1
146992,39966,2,1
2154941,17872,3,1
878658,260,14,0
644501,35336,1,1
1685645,47766,6,1
2635178,47766,3,1
894617,21310,9,1
203202,22935,20,1
319324,4347,5,1
225600,33791,17,1
1122105,33209,6,0
3046588,24622,8,1
344189,49519,8,1
475829,10360,17,0
2199391,24622,2,1
850755,29987,2,0
1979263,17616,7,1
1317826,6492,3,0
253324,11408,15,0
2720211,27966,12,1
1983444,47305,4,0
1474125,47439,13,0
2733614,19760,7,0
2925339,6104,16,1
2486792,20221,3,0
1157020,22935,2,1
2966909,38293,9,1
284859,47626,15,1
2119252,13176,1,1
1129422,14386,5,1
1511664,31394,24,1
722498,49235,7,1
918803,5450,1,1
1092827,15925,8,1
841585,33037,5,0
985834,13176,10,0
1718286,45037,13,0
1410380,16283,8,0
1005994,30958,5,1
2939563,2450,7,0
1962064,49306,8,1
160759,33290,2,0
1693205,5013,17,1
2611670,3819,13,1
654955,9598,1,1
2629052,19514,28,0
1745001,45664,8,0
1004625,26604,8,1
1282816,44359,4,1
527945,25653,1,0
2704288,32655,11,1
1453804,31634,3,0
2388398,24852,1,1
1532271,21137,2,1
1515915,5883,10,1
184189,10895,3,1
952153,11182,28,1
2071953,19354,1,1
552468,40002,4,1
3201624,38490,2,0
2449092,31730,24,0
1977284,32578,14,1
713199,48628,9,1
1982547,47630,13,1
2796157,5134,17,1
1951577,28204,5,1
26318,283,1,1
826274,36423,16,1
3319516,18765,8,1
2410189,20406,24,1
628947,14508,18,1
2472433,22105,9,1
1893317,30700,3,1
3169965,38730,5,1
2028964,35321,12,0
2333011,49257,24,0
1009901,24852,4,1
2772574,27323,25,1
1351719,42315,20,1
1922062,40310,2,0
785637,35042,19,1
918151,25824,17,1
422234,5876,6,0
3015792,40670,4,1
2356597,23801,29,1
3290255,43320,14,0
1932229,21137,1,1
3191357,42442,9,1
1233389,20379,20,0
1540934,3295,3,0
3172090,10504,7,0
1429603,19186,23,0
133473,27676,15,0
1410433,36397,3,0
2482831,33543,7,0
2406264,28934,20,1
409778,32455,4,1
1165962,16202,23,0
3128441,46960,11,0
860286,4357,4,0
691500,16797,16,1
793286,3108,7,1
3312681,42891,12,0
2823198,17795,13,0
1644648,1364,1,1
950002,43945,5,1
2331854,26062,34,0
2461484,26668,17,1
1026638,47766,3,1
1092827,47626,13,1
449923,22876,2,1
1181750,33956,18,1
924272,38167,5,0
1511653,12157,17,0
1120673,27521,25,1
1917765,26900,2,1
1848166,25093,10,0
347286,26940,3,1
1615787,30776,4,0
2428857,37067,1,0
1682847,44910,9,0
1999934,17630,29,0
3366245,47209,4,1
996709,22935,5,0
2007043,43631,1,1
2567144,21137,8,1
2855574,29987,6,0
315472,40745,10,0
2319159,18918,17,0
2255367,27845,1,1
2329546,41149,8,1
548423,32478,1,1
482916,45946,6,0
2408045,13225,24,1
662460,13974,3,0
1413782,10343,2,1
280429,34448,26,1
1663854,24852,3,1
913804,22963,8,1
2052796,11826,3,1
698752,17691,4,1
3372838,46562,2,0
1630716,46979,2,0
998678,38679,2,1
1011157,248,6,1
2200872,45346,7,1
550749,38847,5,0
2545884,44514,8,1
557003,27845,1,1
255635,28578,7,0
1099741,45353,12,0
728096,25199,3,1
970393,21553,2,1
1408868,2493,33,0
2817917,27179,11,0
430808,32877,16,0
598401,46979,8,0
3088960,13629,11,1
136917,13083,4,1
1440182,40906,16,0
2815119,42736,10,1
755436,9839,1,0
444786,30292,2,1
437248,54,2,0
3115641,47766,19,1
3254869,46667,11,1
2872508,45512,17,0
3306985,5994,20,0
60372,32890,3,1
2282785,43352,4,1
3273662,10369,5,0
1675769,24852,2,1
17829,47209,7,1
2768547,32184,12,1
787841,43768,7,1
2079144,49209,12,0
162130,196,1,1
878982,21616,11,1
1095339,34347,7,0
1011957,40742,1,1
2101176,23734,3,0
486647,2433,18,1
2401607,30720,1,0
1104764,36149,1,1
1302446,43192,12,1
531241,7597,2,1
1201039,30219,4,1
2368422,40449,4,1
2148281,21616,1,1
1440117,10060,10,0
3007553,41844,14,0
634618,36591,3,0
339941,27313,7,0
2168759,46889,20,0
125454,4235,17,0
837947,37710,5,1
171269,14858,27,0
613572,40516,1,0
2327674,7751,2,0
903107,14778,2,1
3344543,6317,19,1
3245142,34005,13,0
1736119,46088,3,1
3029722,44204,26,0
1611487,28157,1,1
1766616,196,3,1
2289364,12519,2,1
1319510,14233,1,1
758614,37923,1,1
51335,47626,1,1
1279811,35167,2,0
2156254,31343,19,1
1885985,21616,8,0
2100415,21903,5,1
2805533,46793,33,0
1342745,40174,1,1
947003,35898,24,1
97455,46886,25,1
337286,5161,4,1
463895,46313,5,1
1468188,35628,7,1
1575871,23049,14,1
548002,21709,1,1
2985224,44359,21,1
3056376,39099,1,1
3162638,21137,4,1
1430612,19624,17,0
97861,11755,9,0
2662078,35221,8,1
1401017,41339,1,1
3266886,12811,4,1
1997507,7241,8,1
1025582,22767,45,1
201681,9550,21,0
449836,12980,18,0
779687,48171,1,1
117018,4472,5,0
510341,25985,2,1
3419156,1952,5,0
1703307,2832,32,0
328367,2295,5,1
57969,19057,13,1
827482,24852,1,1
1934139,47766,2,1
118332,43143,6,1
2481344,35221,4,1
237738,8727,2,0
2271311,12606,2,1
3373607,47766,5,1
1615256,47209,9,1
371933,46650,9,0
505607,196,1,1
18769,21903,2,1
338348,45033,1,1
3281311,16797,2,1
1612869,21137,18,1
1026705,13176,1,0
2203380,16387,24,0
2306503,19660,4,1
194187,11712,4,1
688936,42282,3,0
738423,43662,7,1
2395944,38273,19,0
719165,22677,3,1
3100970,43713,15,1
1719501,1158,3,1
453759,45007,19,1
1361193,23794,2,1
1959501,40706,5,0
1501847,5031,2,1
3336623,34137,10,1
610370,43295,4,0
2263833,38768,7,1
1546270,7628,3,0
291687,5618,15,0
377115,17878,4,0
1084714,48679,12,1
3325666,17988,2,1
3036182,47492,12,1
2456288,46979,29,0
654296,49683,20,0
2973912,30391,5,0
1849458,47209,1,1
2207390,44653,4,1
689047,9411,1,1
607445,24962,5,1
3216783,28985,10,1
306612,25138,7,1
3260371,790,1,1
1443712,5134,12,0
2157344,5825,3,1
33771,40214,3,1
98229,26369,2,0
3092077,45437,12,1
2890510,15261,6,0
1364009,21137,8,1
508051,21903,9,1
2769277,42587,1,0
3414214,21385,19,1
3166179,39101,1,0
2207468,46820,1,1
1557482,47854,8,0
1573128,31502,2,1
1359133,22031,24,0
3347611,38510,12,0
1551842,29223,5,1
3212669,38159,15,1
338650,8277,13,1
2823202,17859,1,1
139588,24830,6,0
1578587,6813,13,1
207425,39581,3,1
2307420,32030,12,1
960693,12206,19,1
2163477,48004,5,1
3332351,34126,6,0
704708,33548,6,1
1753164,42828,18,0
795403,31883,4,1
17741,5876,7,1
919637,4605,7,1
244650,21903,5,1
2201462,43961,8,1
2703125,44449,4,0
951085,18618,5,1
13988,10948,13,0
946006,9076,2,0
1001621,33120,1,1
3167268,1242,16,0
2034768,27783,15,0
3241842,31248,1,0
472760,29848,9,1
3115525,5258,1,0
603384,49235,27,1
1894619,37228,23,0
571378,15937,23,1
339941,10892,2,1
1409109,17650,6,1
574323,26188,25,0
2719945,38650,19,0
528122,45007,17,1
1172369,10749,12,1
114289,37067,5,0
2001987,28450,5,0
2004171,44449,2,0
2015262,14197,16,0
1210450,22825,3,1
1512910,45488,16,1
1216882,37067,8,1
3327683,10673,5,1
2986355,18168,13,0
1520320,45007,13,0
697382,12699,24,0
3218271,11777,4,1
3000463,24184,6,1
276318,31663,21,1
3267371,29307,12,1
1729327,24506,7,0
2885101,10246,4,1
2155322,37615,4,1
1312449,25705,6,1
2623987,4957,2,1
2722403,47380,2,1
1773456,30489,5,0
2243912,42097,13,0
1748911,2295,21,1
685985,49156,1,1
2237873,34049,10,0
343610,23810,23,1
2538141,14414,1,1
2979827,40199,3,1
1966986,18811,1,1
682371,2452,18,1
2057284,22226,11,0
245179,2716,30,0
2588247,45066,9,0
2190408,554,12,1
2355953,26351,22,1
792176,42987,10,1
326540,39578,17,0
3180214,6631,3,0
2010013,9515,4,0
964244,2954,1,1
2610040,2825,11,1
3185625,13870,1,1
644718,5876,16,1
3205244,32566,7,1
1929835,42736,8,0
402531,47626,6,1
2275315,34956,19,1
3142996,12719,23,0
1498264,24810,2,1
346985,24852,2,1
3385849,41259,11,1
1611735,17316,3,1
659793,11005,13,1
1157053,31883,4,1
1682573,45004,1,1
1682034,11576,10,0
1810873,11572,6,1
3136404,25720,18,0
101235,34688,3,1
899497,24816,7,1
2549151,23126,11,1
884188,27845,10,1
120025,48137,3,0
2711134,46979,10,0
257948,39928,8,1
553100,2099,8,1
2195625,24561,12,1
334643,47626,1,1
1181636,34022,16,1
3318609,49376,2,0
3236783,8479,20,0
1587869,13176,4,1
849534,38739,3,0
1305220,18023,5,1
521770,46584,1,1
722719,36522,4,1
2558200,25659,31,1
2112974,6902,10,0
987602,44910,11,1
1174881,7156,12,1
3179593,41970,11,0
2009673,30391,8,1
187107,6218,13,1
2950266,35045,8,1
1524377,13176,8,1
1147584,22255,11,0
1559569,13646,1,1
3281236,34244,14,0
3015410,47877,1,0
698950,18234,11,0
2615303,3289,7,0
1216743,49667,2,0
983653,5785,7,1
2966311,21903,6,1
2741313,19660,1,1
496689,44189,3,1
1620314,46526,10,1
2174043,30720,3,0
3217422,42205,13,1
670166,260,13,0
1398520,40516,4,0
1938710,46061,8,1
2827780,38557,20,1
3324670,40706,3,1
1021926,28987,11,1
2381101,20754,9,1
1349969,25371,4,1
2290545,24852,2,1
3032116,47766,8,1
3141118,7805,1,1
843692,43154,4,1
1885519,13176,5,1
2554984,35510,5,1
2790111,36032,15,0
2775070,38077,7,0
3019199,32463,1,0
2369300,21616,9,1
3237892,7835,14,1
2469742,7135,7,0
338535,21137,1,1
174322,39180,5,1
3214480,2519,3,0
1380391,23296,5,0
428590,44368,1,1
1694633,8247,8,1
61280,36994,5,1
2792577,47626,13,1
1070297,14814,4,0
712350,11361,5,0
2610335,30918,4,1
1443195,35503,5,1
650147,15599,7,1
1376589,4871,6,1
612690,49314,33,1
3028213,37940,1,1
2480815,9913,5,1
2455822,5248,9,0
1647185,15976,4,1
2294475,24184,4,1
748535,1749,2,1
1027190,47366,3,1
1387646,30391,14,1
2292551,12845,12,0
2334096,17206,2,1
2009327,45437,1,1
3246632,8069,15,1
1022232,11808,9,1
693317,26197,14,0
2893200,21153,7,1
2248546,3515,6,1
292114,5748,23,1
1493214,41966,9,1
1498364,7802,5,0
2966776,19660,5,1
660514,12442,9,0
741563,20015,5,1
1263905,28199,7,0
3126571,33135,6,1
2742820,12341,4,0
2548840,37220,3,0
1825332,38456,6,1
2854455,46868,18,1
1529874,13176,4,1
3257487,33352,11,1
535453,10957,6,0
2750455,6933,2,1
602522,12044,14,0
3284040,28278,13,1
54166,46667,8,1
1112902,20561,20,0
1556081,30391,10,0
1785418,18583,4,1
809920,4472,2,1
3147373,15768,3,1
3012764,20738,35,1
2784192,6182,1,1
1934929,34969,7,0
1588827,39275,21,0
422787,30696,9,1
1674689,35561,3,0
2283887,6656,2,0
2586867,7751,2,0
3416459,5060,8,1
241717,28199,7,1
1592300,4920,5,1
1288248,23383,3,1
2053699,27044,5,0
1356177,41950,16,1
1124212,11520,1,1
1308998,44632,15,0
336192,41290,2,1
73020,32642,3,1
1762597,162,4,1
1708388,22328,12,0
792527,19446,4,0
81061,46990,13,1
1757358,37656,8,0
692804,21688,9,0
3071210,29589,5,1
2613166,1086,7,1
931827,32429,20,0
2131359,26480,13,1
455029,42504,1,1
471111,35510,8,0
2746521,28289,14,0
14454,40261,6,0
2563758,16797,5,0
2728384,24852,4,1
1295505,447,8,1
852885,12672,1,0
1711092,47209,3,1
1823099,6587,4,1
2058932,10782,15,0
1919645,26209,8,0
1129027,8174,9,0
897708,34126,3,1
597708,39040,15,1
911690,21286,16,1
919768,21616,1,0
2651424,3145,16,0
1753410,49628,6,0
1043150,8518,4,1
219841,20919,4,0
2424099,10121,4,1
1671786,44156,4,0
3246256,34358,8,1
808999,13740,9,1
351776,49235,1,1
876505,30391,8,0
1571780,25533,17,0
2222679,37220,13,0
2659390,21872,6,1
2853413,38739,4,0
2724923,27086,1,1
2722606,24983,12,0
933102,32864,10,0
358609,22959,2,0
1802119,40604,16,1
466588,31692,39,1
2171643,34993,15,0
2954890,21019,9,1
3392896,37988,37,0
1249047,21137,5,1
21029,25821,11,0
637781,27845,2,1
2303918,27521,13,1
699903,49267,12,1
839135,33206,7,1
130920,47626,13,1
2546332,9227,17,0
2529208,21134,9,0
2254270,46393,14,1
2210475,30217,1,1
918995,920,1,1
603293,7559,2,1
1028953,28904,2,1
41665,28104,13,0
2676810,24954,22,0
499716,1468,1,1
1314323,16977,6,1
3199506,42899,5,1
961067,21137,3,1
337852,31805,5,1
2370731,21903,30,1
1019704,45258,24,1
2062131,780,3,1
2307995,41387,4,0
897455,47734,11,1
2473199,10190,4,1
174322,30776,1,1
862461,4410,2,1
3176792,21267,12,0
81117,39993,5,1
1005265,27966,11,0
2651760,41808,5,1
676180,19894,1,1
1526273,36552,9,1
3128943,44570,8,1
1956066,33044,1,1
2614427,39408,28,0
1604927,6182,6,1
3028728,12323,1,1
3083761,33527,16,1
2535661,10673,2,1
3181741,22720,2,0
3343536,2452,22,0
2014827,43772,24,1
1049343,11925,14,1
2248227,31663,2,0
2534479,38371,3,0
1228500,26088,6,0
1933620,43908,7,1
1671948,25043,19,0
467591,8518,5,0
1869817,37635,12,1
3136877,34862,9,0
2482721,46709,6,1
740700,36256,5,1
3327914,42403,21,0
3360503,30700,3,0
1218156,38909,26,0
2815701,24273,11,1
3217616,33086,12,0
3122798,4421,5,0
1515610,37646,12,0
1334633,46175,13,1
1500373,3957,9,1
1830278,5819,16,1
323728,21137,13,1
2670173,13709,23,1
2706142,46650,2,1
1779127,6347,1,1
3087316,26914,1,1
859180,47141,1,1
926338,36070,7,0
2608232,17454,31,0
954899,15866,4,1
2672704,20985,6,0
2173360,21057,16,0
2857242,13385,8,0
2826285,47209,4,1
2836412,44426,11,0
2171676,22882,15,1
3008145,8469,10,0
2064965,48205,3,0
1975156,15269,12,0
2432706,2677,7,0
104170,8018,2,1
3225613,17343,38,0
2417708,39812,15,0
1513379,11420,17,0
2311098,18019,12,1
3091196,47223,6,1
2538020,2295,1,1
1908208,39303,7,1
2226948,7916,5,1
252754,28476,2,1
2303071,36962,2,1
3113403,5271,24,0
2063183,24852,1,1
399721,40706,9,1
3216266,4605,5,1
1693132,18598,2,1
3163322,30391,11,0
3241461,28199,6,1
1690441,36618,21,0
1420902,10565,1,0
204378,13263,3,0
320037,15613,27,1
1688121,35233,3,0
402814,5134,14,0
2560340,39719,5,1
682024,33587,3,0
2500057,47766,19,1
1704886,11826,3,1
1904866,21938,1,1
621430,36164,1,1
949581,2238,5,0
2068987,31275,12,0
1362730,4605,13,0
970215,21013,4,0
2072771,31533,14,0
1751595,16953,3,1
531272,21417,33,1
1270199,7806,7,1
3269826,34243,1,1
3134387,6340,22,0
73354,48946,2,1
805694,16797,4,1
2255174,11323,5,0
2121633,40858,9,0
884455,33222,2,1
600985,28465,6,1
3040906,20161,9,1
347492,19578,5,1
1346134,5303,4,0
593239,17600,22,0
3293533,46667,15,1
3196586,11494,22,0
2922492,47766,2,1
387824,30391,3,0
2100330,46227,13,0
2011084,24852,1,1
1484197,37836,10,1
86762,4921,12,0
1188438,42625,12,0
3300549,14536,5,0
494597,4920,7,1
2102652,5612,16,0
1181590,39408,2,1
1983286,429,6,0
3272136,8350,26,1
3287863,9839,4,1
873961,22395,9,1
1426828,13176,1,1
1430062,22935,10,1
1904543,31134,11,0
2148337,46700,22,1
664237,27003,4,1
3239218,22227,19,1
1598119,29429,1,1
3346187,38456,5,1
1507949,22828,6,1
2019625,13874,17,0
1233517,5876,2,1
1109954,17044,5,0
3363401,36956,6,0
1029567,41488,27,1
913574,18224,8,1
336089,8654,6,1
1929781,18963,24,1
736545,49383,1,1
2143709,11777,3,1
2364095,4942,1,1
1344515,5077,4,1
239449,16223,1,0
667701,27177,11,1
1175815,2014,5,1
2557528,24759,1,1
1574057,11219,6,0
23978,43371,5,0
3104677,15683,19,0
2707350,33120,5,1
1987934,12745,8,1
3178977,18441,3,0
223902,44594,4,1
1406254,12118,12,0
1660775,19254,15,1
3006133,43316,18,0
3206640,45007,20,1
625318,6182,10,1
2589576,47672,5,0
856965,45190,8,1
2845055,24852,1,1
2706096,39928,8,1
484619,41950,7,1
2587105,2966,2,0
378945,28916,5,0
1535432,18811,1,1
1057693,40174,9,0
215493,45537,8,1
2493256,23375,9,0
1151455,23094,2,1
43443,3737,7,0
3067088,21903,9,1
2592096,16768,8,1
1916876,16866,4,1
757437,9554,12,0
279500,24852,2,1
2174949,21616,6,0
1793332,28476,10,1
1891387,49683,8,0
2939649,33288,6,0
3039840,23020,4,1
16097,45948,1,1
2529208,26096,16,0
2308852,27104,7,1
958906,46676,4,1
413274,18992,3,1
1029535,22007,40,0
918183,6873,8,0
3193841,30391,4,1
1620055,21709,1,1
3210863,31915,9,0
2211167,23288,3,1
44490,5258,6,0
57650,47734,5,0
3411016,28985,9,1
3031849,432,15,1
265952,35939,16,0
426862,49260,12,1
2274102,1700,16,1
481788,40338,6,1
1064918,33897,5,1
2790111,6142,8,0
1545725,34262,14,0
831130,44580,32,0
2711951,39581,7,1
3061027,23029,23,0
1017659,40541,8,1
105733,26128,12,0
43722,43352,24,0
560337,7419,5,0
1833607,2130,13,1
2675211,5537,2,0
2406004,8041,7,1
878658,21903,18,1
3061800,33575,1,1
29750,13858,6,1
626157,40945,9,0
3376976,24024,1,1
3167268,38548,11,0
1436141,26209,5,1
1000685,41610,14,1
2340267,27548,7,0
857995,14895,7,1
1135105,13424,13,1
2000849,45066,2,1
2337940,5876,2,1
1888756,5450,3,0
1614045,32650,4,1
710927,21137,1,1
1565115,10121,3,1
2614927,18918,6,0
962814,32478,1,1
2099337,2535,4,0
540993,24235,9,1
577269,29315,4,1
451312,28745,8,1
887305,43961,10,0
377477,42443,1,1
3165522,18027,22,1
3119955,38273,6,0
2617460,34358,6,1
2212156,17333,31,0
2725772,8277,2,1
701844,46364,3,0
2460693,13629,8,1
3134889,27966,10,1
1816905,18288,14,0
822172,7014,1,1
1630634,17948,26,1
815161,18435,6,1
1333290,20014,12,1
2810696,26620,9,0
439122,22031,6,0
1729822,28204,4,0
3420895,3108,7,1
1512469,16696,3,0
131557,47209,1,1
3100214,38159,11,0
957477,49585,7,0
1973864,8529,4,1
819853,4605,20,1
1482543,43484,4,1
297082,7628,8,1
2931759,12341,1,1
81691,6000,5,0
2814426,4809,9,1
1691092,27697,1,1
3194783,13076,6,0
497058,15683,18,0
954716,432,11,1
1067879,38768,1,1
2940272,11974,7,1
76584,24184,8,1
1917882,4605,4,1
1791239,24643,6,1
713348,38015,21,1
1292925,11140,1,1
2678587,38928,1,1
341496,5769,11,0
1449699,644,8,0
2042804,8424,13,1
1645042,44785,6,1
2673128,26242,1,0
3394576,44632,13,1
2542741,15512,2,1
2488912,14104,26,0
2018548,31040,11,0
1289947,47209,1,0
718344,45183,27,0
1442205,3376,5,0
3128469,26384,6,1
2793824,43735,7,1
2668353,30391,5,1
1885626,46979,5,1
1365145,7644,1,0
2788818,25403,1,1
3340763,43713,1,0
3041233,20574,22,0
874999,42701,18,1
1268210,1614,8,0
202281,45989,17,0
2275990,36011,22,1
2515988,35140,11,1
1224655,1875,8,1
2834070,39961,12,0
3204929,23334,4,1
335011,48097,8,1
1749666,32331,1,1
8595,3896,7,1
55278,16848,17,0
1116838,38768,1,1
2288792,31995,10,0
986202,16797,9,1
855489,31506,7,0
3065755,46572,9,1
3179908,3947,6,1
3143195,27344,15,1
822017,25017,2,0
1872553,24852,2,1
425592,28745,8,1
3029598,13176,6,1
1087169,11913,2,1
1113866,18281,10,1
1084025,43279,2,1
2407797,18531,15,0
2303926,36691,10,1
119793,27730,6,0
381468,26040,10,0
3367078,45007,2,1
489969,3389,2,0
2768456,16869,7,1
2156441,47873,8,0
1523973,20332,9,1
857771,7930,1,1
2395806,5450,2,1
375970,21405,10,1
1043176,16823,1,1
1378195,39097,3,1
242994,27845,4,1
404658,8193,14,1
401586,47759,4,1
1119013,30391,7,1
1361650,42495,12,1
1410661,8558,7,1
511356,24749,11,0
1061358,37011,5,1
957446,44142,10,0
1198240,46041,2,1
363795,7353,7,1
3099234,14647,7,0
180897,36086,3,1
297586,45679,8,0
2306784,28199,12,1
362722,9065,24,0
1218677,15794,1,1
1112006,38978,1,1
3021717,41950,8,0
1180204,49235,5,1
1456882,13176,3,0
2073675,28993,10,1
2389994,24838,3,1
2405942,9839,3,1
1902858,43352,5,1
2015353,11909,19,1
2515097,10504,29,1
371052,30827,12,1
1158954,24170,39,1
3054797,14901,14,1
2738695,38609,3,0
1709280,45453,11,1
892524,25877,14,0
2581707,29875,14,0
377978,42443,2,0
2818052,12341,5,1
2221060,42265,1,1
851233,24964,33,1
3087074,45123,7,1
506233,28792,9,0
2095696,36060,11,1
2737043,45504,16,0
3033935,45599,4,0
1390728,45007,11,1
2788042,27985,6,0
981240,25659,4,0
781241,26900,1,1
2738788,11281,7,1
1954213,29256,18,1
2642566,16020,7,0
3170244,30169,5,0
1658163,16797,8,1
886285,42736,5,0
1357192,18814,2,1
2859605,38264,8,0
2199922,34034,14,1
1300897,7130,2,1
2266075,39877,7,1
2699319,5068,12,0
1869492,8518,16,1
778346,46676,7,1
2354001,33731,6,0
2437543,6799,2,1
2986385,49279,15,0
935325,37119,11,1
1437951,3389,3,1
1586821,28985,3,1
381537,22882,24,1
857517,4533,6,1
3164360,16387,17,1
851026,34605,5,1
2203814,33438,19,1
234740,14146,3,1
3349689,39877,5,0
713290,43086,4,1
1020820,15100,14,1
255693,19348,2,1
1040001,26209,5,0
1354585,34126,2,0
3484,8277,7,1
755216,34094,13,0
353498,33731,39,1
2671730,15290,14,1
1852517,2237,13,0
2068912,3798,1,1
1810646,31717,8,1
2472313,47626,4,1
2636741,40310,15,0
364582,10749,4,1
1638631,5652,13,1
2993854,4421,12,1
3331445,31992,13,0
2574810,31371,14,0
2107214,30391,14,0
1295756,47626,2,1
2768366,46908,5,1
1958771,28842,1,1
2040962,14197,8,0
1352523,33819,3,1
3239562,6184,4,0
2236526,45364,4,1
941431,46676,1,1
2589419,27065,15,1
2146702,38650,13,1
962516,7533,1,1
2145986,17224,5,1
2991946,27196,18,1
1224975,13304,20,1
2873106,21019,20,1
906236,21903,2,1
3212419,9510,8,0
2564907,42768,5,0
1582931,19846,24,1
2956404,18523,4,0
1955366,9825,3,0
2765592,31640,24,1
644853,28204,3,1
996004,43961,13,0
1721738,40338,20,0
2682845,31640,40,1
181788,10032,12,0
26820,22183,10,0
1927523,27356,17,0
2347517,35143,14,0
2406282,18394,14,1
3261021,39180,2,1
3234225,33745,2,0
1662114,28842,2,1
1244858,24852,2,1
1315474,48094,1,1
457874,48812,3,1
2249558,13176,6,0
862058,46667,5,1
2158156,21903,4,1
903541,27966,3,1
934399,4605,10,1
808857,26409,5,1
1374864,32139,8,1
1870998,3382,11,0
1251068,20114,15,0
2018476,41950,5,1
754454,93,7,1
1190887,24852,2,1
477931,44632,3,1
1715082,42265,12,1
998080,48290,2,0
3270880,39024,10,0
2640658,42895,2,1
327114,30849,6,0
1008360,42084,1,1
2042580,8670,8,0
3393751,4781,12,1
1500461,20382,9,1
3303549,16793,8,1
2234348,35951,22,1
3233932,8277,15,1
3269412,3265,4,1
1561684,40961,13,1
1390161,27845,4,1
2774867,17872,12,1
385989,13642,6,1
2388481,20114,5,0
1692969,37543,2,1
484525,21582,37,1
3253438,27521,2,0
2838543,17168,3,1
2305080,8723,3,0
2953372,28915,11,0
86834,37508,5,1
2607930,17795,1,0
887569,33937,18,1
214718,24838,3,0
854289,38747,8,0
903162,26405,1,1
1523093,5646,14,1
3344525,13263,9,1
3041664,25890,8,1
3419634,21506,20,0
1764224,1313,5,1
3307920,20142,8,1
1129850,6187,12,1
1886120,365,6,1
2194051,28985,1,1
1717836,40268,1,0
2550921,35909,1,0
1149533,3330,25,1
2096905,15981,8,0
978475,18034,8,0
2207061,30391,5,1
373658,7120,3,1
1644899,26209,37,0
1812152,13225,15,1
1669711,8670,16,0
2121648,1979,7,0
2226003,35898,15,1
2809081,29370,7,0
2407695,45019,10,0
465769,25837,6,0
3325449,16846,14,0
1536640,11182,23,0
854407,21295,20,0
805875,27695,8,1
2320248,24852,18,1
2271773,21334,7,1
1919431,29036,18,1
1362730,34126,5,0
2576298,10613,23,0
1109857,47209,19,1
1336173,27086,3,1
1701352,14479,8,1
2171121,21333,5,0
3066076,21405,15,0
1644867,40472,12,0
698752,24184,7,0
902770,35824,5,1
1501098,17630,1,1
1121279,10814,9,0
690653,27554,4,1
2046400,28590,9,1
1072808,18362,2,1
2196205,49318,6,1
2372166,41950,37,1
2254753,44641,5,0
2240614,23484,3,1
933102,9411,18,0
2892969,17747,15,0
2198831,44987,14,1
770216,40338,10,0
1472095,7156,6,1
1274954,21903,11,1
2371059,46842,6,0
1907502,4920,1,0
1870906,31575,20,1
678985,8193,17,0
147575,17723,22,1
2324483,32455,2,1
888460,26940,5,1
3106240,12667,1,1
2911059,21267,20,0
533648,41351,7,0
3196716,39275,17,0
292688,41950,5,1
722905,31714,8,0
263321,47333,5,0
942964,33873,1,1
2496734,31961,2,1
3310541,22034,13,0
2306425,21903,3,1
2720211,685,32,0
1438970,38277,16,0
1675105,8518,11,1
1489846,21137,5,0
1408357,49509,2,1
2702975,1094,10,1
2336557,47029,1,1
2536754,14161,1,1
2060637,26897,9,0
223435,4086,40,0
3401127,44632,15,0
2656747,8490,16,1
778432,32030,3,1
880713,47766,3,1
1667549,7992,12,1
1104869,47145,5,1
1665692,36664,1,1
2589988,12955,3,0
2694333,18686,15,0
2323577,16803,25,0
315977,29926,8,0
864620,18434,9,1
324993,46906,3,1
2862789,15937,2,1
1479373,29144,6,1
2102312,5450,15,1
674780,3840,3,1
967195,13219,3,1
2777480,25072,12,0
569915,48301,12,0
3341511,37349,9,0
1096653,26209,7,1
2562121,47788,3,1
2175034,46475,10,0
3284043,46812,8,0
2961194,2240,2,1
377810,19048,29,1
1003358,5212,11,1
1180826,41178,15,0
1021592,17794,10,1
2408705,22935,8,1
233714,3016,6,0
207817,40761,7,1
3068,5258,1,1
2120718,8529,11,0
794356,10909,16,0
968680,27104,2,1
16117,43875,7,1
1059499,18352,17,1
1387952,45570,14,0
349225,21137,4,1
1282581,40555,8,0
909171,29487,4,0
1841493,34126,25,1
2227579,22825,5,1
825795,37966,10,1
2045824,2192,17,0
2679875,45014,14,0
281238,25246,11,1
1689866,41461,12,1
2301112,10673,11,1
178648,21903,8,1
1108968,39388,5,1
229212,8193,1,0
2378435,28378,39,0
1672752,19348,3,1
2182772,21137,3,0
1242203,21903,2,1
799833,47792,4,0
3346063,47141,1,1
40123,11292,2,0
3072356,38028,9,0
669276,10246,6,0
519991,5748,1,1
1922210,43490,22,0
956190,35622,10,0
1280104,48131,3,0
3349430,37646,4,1
2349884,22935,25,1
2507383,47626,7,1
627760,49508,19,0
1913614,40706,1,1
2657994,1263,10,0
238127,24964,15,1
1499884,41602,8,0
545090,41860,1,1
1187106,13870,2,1
1391578,40868,8,0
1903039,31720,3,1
525135,7503,18,1
3273798,17902,16,0
1890202,34050,19,0
1983833,46667,7,1
1434316,18370,17,1
3027878,25946,5,0
1389858,37940,4,0
870033,13176,3,1
1074424,31553,16,0
337549,26221,13,0
1881456,44683,11,0
3046897,4472,6,1
1933910,18409,5,0
2935657,24799,12,1
654635,4584,12,0
459014,10957,4,1
1651642,44378,6,0
856024,29873,6,0
2228820,43631,5,1
277582,42479,10,1
902373,35372,19,1
2475511,24830,1,0
3324972,25890,24,1
384639,6187,23,0
2013896,17878,2,0
627481,17550,4,0
367504,4296,10,0
885860,23644,1,1
2944805,44267,4,1
1329262,38739,11,0
2499597,28156,26,0
546132,15873,10,0
730854,20042,15,0
1437835,43967,28,0
2171669,41453,1,1
1139025,27344,12,1
2211105,13457,21,1
1826309,12640,1,1
1526081,11520,2,1
3169865,42693,5,0
1147081,39657,5,1
109090,5258,1,1
2811965,33000,12,0
720627,46584,27,0
2036041,43190,18,1
2576298,47977,15,0
2643148,28535,4,0
1555120,3599,6,1
1575521,34731,11,0
133473,27246,12,0
2192851,34993,18,0
1208645,34969,1,1
186561,6184,1,1
2054400,47766,5,1
2444113,8638,14,1
94366,33754,20,1
1116775,41178,7,0
609306,4306,3,1
2195584,22677,7,1
1641144,13870,16,1
2819021,13176,1,1
1369416,35042,24,0
2031910,21769,3,0
680662,42768,4,0
504018,27544,16,0
2990754,11136,7,0
634572,40706,5,1
1368209,7515,9,1
3132216,24799,10,1
31692,47209,6,1
1536326,10427,1,0
3099309,3935,10,0
3164507,30391,10,1
43194,36695,1,1
809469,20114,13,1
2935275,17399,2,0
3297110,43961,17,1
1124923,11710,5,1
191912,20621,5,1
3071827,47616,8,0
96148,21938,4,0
631433,28745,3,1
3172662,9339,5,1
1247313,47955,9,1
196149,24654,19,0
1649120,48697,5,0
2921767,40706,3,1
1371172,32689,1,1
3073140,43129,6,0
1650972,36695,14,0
2121723,12852,1,0
2911446,19057,4,1
1035709,4978,27,1
3408685,13027,15,1
64652,5618,7,1
968014,32177,10,0
2461949,21938,3,0
1483968,6867,16,0
812581,24852,7,1
1907811,30558,8,1
2818093,432,6,0
1511783,33129,16,0
2500369,42701,7,1
508423,32200,20,1
433032,21386,2,1
1574265,15576,21,0
551676,23417,6,0
387648,34582,19,1
2049554,47626,6,1
2772309,14715,12,1
3153851,40396,4,1
494327,397,2,0
558998,26301,20,1
2480145,33178,1,0
1081770,5077,1,1
3294536,14715,1,1
1271828,27966,7,1
1814023,48679,31,0
1586533,14702,9,1
796397,7035,3,0
3270657,49416,4,1
2855925,12075,6,0
4801,2124,9,0
66092,35042,7,1
2563053,26454,11,1
364310,41009,5,1
1391998,25890,14,1
425852,39275,12,1
1457950,35561,2,0
89159,27845,18,1
1511783,41068,5,1
1003391,39132,27,1
1652080,5652,2,0
2940159,29987,9,1
1476584,16450,20,0
1893594,19660,2,1
2003234,26040,28,0
3169889,15028,4,1
1732317,47766,1,1
1005487,39561,5,0
2218299,34466,9,1
2335762,47570,10,1
1496343,22416,8,1
1071095,6740,3,1
2932939,36790,13,1
2143933,34335,12,1
2608948,43209,13,0
1285951,29483,4,1
2459064,27966,1,1
965720,49520,4,1
2836995,890,10,0
1187354,30233,2,1
1615787,37734,15,0
426527,26209,16,1
2411552,13176,3,1
2041610,7923,7,0
1990406,5428,2,1
2991946,34126,11,1
2715415,47626,6,1
100503,7644,11,1
3211730,10558,3,1
1862842,33120,7,1
2376264,39620,37,1
2718235,21903,6,1
1325040,46061,4,1
2456075,29363,11,1
1887316,13554,19,1
176435,3651,2,0
920634,19057,17,0
3278532,28289,12,1
2673760,13093,21,1
3044116,13176,3,1
1234072,9327,6,1
2405413,42615,1,1
3029374,21938,8,0
3357719,31848,2,0
2865125,40310,10,1
2264166,24184,11,0
395408,34105,16,1
2097679,21513,24,0
1433262,31102,3,0
1863378,13378,3,1
905404,196,1,1
248069,16759,5,0
1282827,3382,27,1
3138726,22963,9,1
3246632,10500,2,1
1037024,26317,23,0
2725509,35939,20,1
1746140,44142,12,0
527563,3385,4,1
677693,13176,6,1
6842,23840,50,1
1659639,24235,3,1
1374561,38028,14,0
2873992,20345,9,1
2022893,22849,37,1
1124393,41539,1,1
478890,33198,5,1
1163680,42353,9,0
581950,97,6,0
395016,6295,4,1
1150855,46041,16,0
1451093,19845,9,1
2954102,8571,2,1
2968020,29370,13,0
3259724,26032,20,0
3355119,2275,3,1
2159241,32650,20,1
125527,21610,15,1
804306,45086,3,1
135341,2078,9,0
2830592,19863,11,1
991621,23516,9,0
963887,10255,19,0
1632943,23909,6,0
1276175,12341,7,0
401332,28379,10,1
2286790,13819,5,0
1295948,27548,16,1
2462343,49235,1,1
959236,46820,1,1
1326341,12816,26,1
3383615,7206,13,0
1780895,36550,5,1
2632950,5876,12,1
2296079,10527,1,1
671270,24382,20,0
1956619,31927,1,0
2591157,42265,10,1
886798,14778,16,1
1716614,33098,3,1
556498,12595,3,1
852056,18811,23,0
1562190,13198,2,1
2476974,31181,21,0
2640621,5025,17,0
2398373,9663,9,1
1003143,29346,11,0
244571,45066,2,1
3278717,28309,18,1
262442,39858,2,0
1017914,8465,8,1
2902536,22915,15,0
1623914,33407,28,1
783164,24891,4,1
2590675,24852,5,1
2856228,45007,10,1
2414032,19691,18,0
653825,5258,1,1
2552420,29785,10,0
2458495,365,12,0
137924,42768,25,1
2584075,37935,9,1
1162020,5313,5,0
2516653,30305,11,1
614899,23233,4,1
1202935,42210,17,1
3330540,20588,22,0
2823861,39275,3,1
684229,19051,21,1
2024160,24799,5,1
2522051,49235,5,1
2243586,44953,1,1
1515281,23879,16,0
1985245,1240,4,1
2742437,47626,3,0
1257305,35221,1,1
3391363,7693,22,0
624351,4920,20,0
1496386,47626,7,1
1090854,7736,14,1
2211703,31433,7,0
1472095,22935,9,0
2701862,17600,12,0
3320610,41148,6,1
3105215,44361,6,1
2851905,12909,4,0
759988,24235,2,1
28894,44359,2,0
1852694,9360,11,0
3242054,49588,3,0
2970017,13740,5,0
408369,41844,8,1
342735,48364,1,0
2956167,32747,13,1
2272463,3500,12,1
2191779,43086,5,1
1890287,18439,3,1
1805024,4472,1,1
3410496,42948,7,0
1970486,29780,1,1
1380041,10878,10,0
2371442,25890,23,1
2183662,25753,6,0
3248174,27045,4,1
2946631,48679,22,1
781693,24838,2,1
1733447,30007,5,0
3381623,13176,6,1
1777215,21463,2,1
448367,21053,3,0
1059486,6615,1,0
2961350,20995,4,1
1233616,27521,32,0
1625083,17948,3,1
1175447,6131,24,0
798068,35951,10,1
1851650,24841,3,1
2791601,24184,4,0
954245,15392,6,0
2317763,45007,5,1
1394331,31985,6,0
2524720,18027,8,0
2673461,5605,15,0
256845,13031,4,0
3121302,4862,13,0
1573259,11068,1,1
1784728,33627,2,0
2574308,42342,7,0
2582855,49235,7,1
629040,16145,7,0
1490821,21616,6,1
779597,17979,5,1
2896414,7079,2,1
1891836,25494,7,0
526801,41220,11,1
767238,40199,6,1
2620315,43463,5,0
3018207,44632,7,1
3130070,24852,1,1
1207186,15424,13,1
76249,39160,18,0
1486036,32768,14,1
3247631,13170,2,0
2763085,14941,13,1
1773052,46979,1,1
1991115,42495,11,1
3369520,4942,6,1
2887125,27217,1,1
2849394,43113,8,1
2541752,21562,2,1
3046837,29328,8,1
1952084,23909,16,1
3312869,21137,8,1
893658,24649,2,0
3052876,28934,9,0
2261834,28761,23,0
3419158,41290,3,1
146782,18023,1,0
253505,41787,4,1
2238633,49383,1,0
383692,47977,6,0
2831886,38689,3,1
2605670,31869,1,1
2710428,26910,2,1
1693644,27845,11,1
466750,24852,2,1
1367373,31720,2,0
3320651,22825,20,1
710107,11068,3,1
1642368,23926,16,1
1126211,4182,6,0
2109456,3020,7,0
1100380,24852,5,1
2676365,24123,6,0
560229,39984,15,0
591773,43530,1,1
406500,45447,2,0
2690685,10017,3,1
543096,42265,1,1
469287,1039,20,1
856987,39877,9,1
790068,44628,10,0
242631,48775,9,0
555581,4451,14,1
2529208,44399,37,0
2641634,44479,9,1
628237,5876,14,1
1074693,9076,20,0
738129,15417,12,1
2010652,39408,2,1
1206021,46906,3,1
1219929,30720,17,1
547558,84,13,1
2072225,37942,1,0
2256293,25133,11,0
1080823,17275,19,1
1544831,29553,24,0
3069536,31912,1,0
2822161,30668,16,1
2985571,36557,1,1
3397701,47788,1,1
887177,5603,30,1
54344,4605,16,1
2542434,43073,8,1
1289338,14715,1,1
1191023,2667,3,0
2419358,44632,18,1
1186052,42265,4,1
2508538,44375,7,1
2043219,38256,11,1
129002,15424,1,1
486388,42265,8,1
2530661,21903,2,1
725476,39984,6,1
2124934,20995,4,0
2605634,46993,13,1
965720,49191,7,1
2303078,20382,1,1
976238,28278,1,1
1427924,18523,12,1
471346,23375,12,1
1858178,48455,3,1
391003,33754,4,1
3333354,22087,22,0
3292695,44098,7,1
2406282,40571,7,1
668637,8744,11,0
1394407,42265,1,1
1159086,26800,17,0
14172,42450,4,1
508032,12980,14,1
1602140,35898,10,0
1502790,8309,3,1
3041791,30489,5,1
3413100,38689,8,1
1154822,29506,6,0
1809078,31487,9,1
2031773,36434,23,1
1035591,7021,8,0
2118692,21137,3,1
1941094,27629,17,1
2329546,11494,6,0
3045255,19173,7,0
618887,35951,4,0
852935,35505,3,1
2460363,24964,3,1
86977,32455,3,1
2101816,14858,4,0
1591,9387,17,0
581421,13517,1,1
3394025,38890,10,0
930789,23288,7,1
1743524,5210,9,1
1249404,30489,3,1
1133247,23716,2,0
186104,38456,18,1
3240466,26149,5,1
2707394,40396,4,1
2831788,48559,15,0
3249042,32402,6,0
2908061,24799,3,1
764675,39721,20,1
2810489,48825,9,0
514671,4796,9,0
1242337,5912,3,1
510036,47492,5,1
1133796,43662,2,1
248159,8424,9,1
2589284,30391,2,0
2758804,44234,17,0
680616,7761,18,0
1377150,32095,5,0
1249517,18465,16,0
3320454,23375,3,1
1221059,47209,28,0
2063145,6104,4,1
926344,6402,3,1
2802875,26209,3,1
1469840,29805,12,0
2894097,45066,15,1
1653867,31553,16,1
3189446,5024,13,0
1181058,34466,3,1
2493945,34220,3,1
2234294,23537,5,0
3378984,18382,10,1
2087,5612,3,0
34029,27999,10,0
3044128,39495,7,1
2572698,31912,1,1
1917797,29095,3,1
2076983,39275,4,1
650594,41192,2,1
2376860,27966,8,1
3182466,21582,2,1
46254,15820,1,1
1947161,38200,3,1
18905,35561,2,1
2271195,48925,11,1
2799858,27966,28,1
1699405,11277,3,0
1310457,36386,3,1
2737504,43352,4,0
723720,32734,13,1
3292703,38349,13,0
3420996,29118,8,0
2545817,7300,5,1
2795247,40216,8,0
2734966,2708,2,1
105951,40268,38,1
69363,23644,5,1
191438,38164,21,0
2610246,24850,7,0
2068968,37158,5,1
36804,24235,17,0
3117692,8192,1,1
1647194,44632,12,0
637580,5258,1,1
939192,12620,8,0
380940,48310,4,1
1459811,22418,10,0
1608560,45229,5,1
1500639,33788,1,1
38611,31564,2,1
1549633,3820,17,0
477931,26604,2,1
469973,10312,11,1
1805075,45260,7,0
1295707,12872,23,1
1008423,43789,11,0
1508568,33452,1,0
1377967,48527,4,1
3344576,26882,5,0
2014327,5991,18,1
2326916,17872,6,1
237171,434,6,0
200316,18659,16,0
326986,40683,11,0
1599598,19348,12,0
2284631,44449,13,1
1736554,36685,2,1
3376171,6343,8,1
1284756,651,20,0
3223024,14652,13,1
1167124,27966,2,1
1220615,46667,32,1
642190,22598,7,0
2132911,47800,13,1
1588632,33178,6,1
2269269,30406,3,1
541933,46516,12,1
1830633,4605,15,1
1489545,26314,4,1
2140634,21333,15,1
2320248,37388,16,0
2758804,23410,12,0
2600329,19125,18,0
1792967,44580,1,0
1934154,33521,5,1
176414,7350,4,1
1409114,34887,20,1
390929,39966,2,0
732511,36676,2,1
1581655,39911,17,1
392905,43845,14,0
708143,43279,5,1
744812,34466,4,0
1455034,47209,11,1
1156256,33754,19,1
3329665,47209,1,1
741843,27845,1,1
1204164,38687,3,0
343869,14715,21,0
1775559,18441,7,1
1754998,41694,2,0
320796,38751,3,1
677378,47114,3,0
3054234,49086,2,1
2486749,49664,10,0
1254937,28862,18,1
1339931,30450,4,0
339240,2010,2,1
3359321,4461,9,0
2359522,10978,23,0
2892268,21709,3,1
783339,5818,14,0
1033774,19678,7,1
2788490,46522,17,0
341238,47209,5,1
1037363,24852,3,1
3353496,32369,41,0
1031188,7398,7,1
609243,12206,5,1
2258706,34619,6,1
2032614,13578,2,0
2669501,22882,1,0
819751,45989,5,1
3338296,9739,2,1
959242,16245,15,0
529113,12845,6,0
646574,34358,1,1
2668353,1516,8,1
621694,49235,6,1
1909334,46361,4,1
3296107,11856,1,1
1683367,12341,6,1
218237,30391,1,1
429377,42719,10,1
1818483,26488,15,0
2009216,21137,3,1
1305516,16747,3,0
931708,20995,7,1
2667079,32734,12,1
2729029,4753,16,1
3283453,33303,9,0
262339,34688,9,1
2295625,48148,15,0
612873,47766,1,1
412405,35762,5,1
491423,12125,9,0
1115862,26209,16,1
3402855,27356,31,0
374310,17281,7,0
880091,21903,2,1
1553090,14650,6,1
2191771,34448,4,1
1694345,7175,13,0
1648483,45504,5,1
1125368,34735,11,0
587344,4302,8,0
2483317,11182,13,1
3103358,31714,5,1
2234481,35383,11,1
1438232,11121,10,1
1031521,22395,2,0
230000,26503,8,1
2835323,39275,1,1
1525887,12341,5,1
2494180,4210,17,1
2259069,4605,4,1
3035313,43673,11,0
3117383,21137,10,1
222674,45633,4,1
724782,17264,12,0
589268,37625,6,0
2078453,47526,6,1
1207399,24759,2,1
2634458,2573,11,0
3219113,24197,28,0
1365963,9203,6,0
3260222,8251,12,1
1465066,31766,5,1
908061,21938,12,0
555930,8424,33,0
842204,33000,4,0
629227,23854,15,1
1482104,20228,10,0
2994672,44824,3,0
861390,21463,5,0
1514383,40136,12,1
1427514,45504,1,1
564063,23601,14,0
1048543,4957,6,1
1662114,34126,6,1
2808014,37033,21,0
1176861,35898,12,0
1993469,13914,4,1
1999666,18670,4,1
1964705,34431,5,0
3042506,1747,4,1
1581031,28985,11,1
2102129,24831,6,1
1710435,18523,12,0
282411,21137,11,0
2657344,32429,5,1
2483596,21137,7,1
2538673,7328,23,0
725345,30391,9,1
428093,38689,10,1
1020680,5886,8,0
3405148,49248,8,1
266930,35951,8,0
2023400,13733,11,0
3408875,32851,13,0
3329102,43394,12,1
482532,5450,11,0
3117330,39092,21,0
2617807,24852,12,1
1845506,8670,8,1
2646353,13176,5,1
416414,36333,22,0
1306912,48109,5,1
1777738,2825,8,0
2895688,29574,1,1
919401,28378,6,0
2742787,11265,16,1
3399385,47626,7,0
1488081,27477,1,1
1810204,1003,3,0
849608,44912,6,0
1695309,10749,8,0
2616843,3560,1,1
860718,22759,2,1
3214656,6336,9,0
511042,20842,10,1
948923,21137,1,1
2193405,35914,5,0
2358926,45066,15,0
1558851,2452,1,0
226192,39620,15,1
544693,47209,16,1
3359968,44548,18,0
839600,42356,1,1
2639316,22035,15,0
1520876,44097,7,0
1113086,43713,11,1
2876521,810,25,1
809761,29594,23,0
3277442,5068,2,1
2868760,44335,1,0
497814,45007,12,0
168237,18918,8,0
708529,44142,15,1
3338468,47626,4,1
530848,44359,10,1
1591262,30272,10,0
2782157,27156,18,1
1501656,39408,3,1
3082418,37646,10,1
825312,42719,2,1
598001,27706,17,0
2766182,23630,7,0
50283,4059,5,0
1247951,3583,7,1
2036604,40706,6,1
2817611,39928,11,1
2554782,47211,1,1
1839885,44585,7,0
1755762,34660,7,1
265095,25718,1,1
1955874,33825,15,1
2480277,45104,1,1
1326764,32843,8,1
3122846,21333,22,1
691823,24137,31,0
154100,29987,3,0
2691174,16249,1,1
1155050,48309,5,1
2037612,7781,5,0
2265517,27104,1,0
2207979,24810,3,1
2149227,38159,1,0
2134877,9387,7,0
2606801,36425,3,1
2459609,21715,7,0
3094342,39891,3,1
1631632,31553,4,1
1236880,39732,6,0
562031,40251,2,0
2645274,40449,7,1
3039513,46417,2,1
297648,40311,2,0
2587546,12078,3,0
2627956,11182,9,1
3198267,1447,13,0
920063,26209,16,0
2498854,22035,3,1
1696852,4620,5,0
1396786,4605,7,1
3285238,12741,6,1
503576,41787,5,1
2360099,48745,17,1
69944,8154,6,1
1955010,30696,1,1
2371155,10,4,0
2635431,46654,7,1
2520526,30753,25,1
1078008,44632,7,1
2842491,39891,15,0
1753471,39408,12,1
2529112,19691,2,1
3316694,31553,8,1
3393506,14645,17,0
2900281,2326,7,1
2597557,7840,4,0
3408567,21903,13,0
581235,38890,8,1
796560,32109,9,1
1680811,13877,6,0
2169408,41453,4,1
2197080,43262,3,1
161640,27336,16,0
1247458,28985,1,1
2390481,13535,6,0
603104,10199,17,0
2593388,9270,9,0
404794,2272,3,1
2877663,26307,18,0
198841,28099,6,1
731277,19578,1,0
2415567,24852,3,0
2068463,40064,1,1
819768,15599,2,1
1470222,43352,5,1
3301012,14233,4,1
1726919,4462,18,1
3379400,47185,6,1
3252083,32211,6,1
2148787,27845,1,1
54344,47626,17,1
78382,35420,4,1
1934346,18811,11,1
2356753,31717,21,1
1426364,11520,3,1
2611648,24852,13,0
2298341,2120,1,1
2343201,19946,3,0
2453344,38959,4,1
2930731,12779,8,1
210317,21011,3,1
1848169,13176,6,1
636616,17095,15,0
111661,47144,1,1
3358666,18027,1,1
1541175,21405,6,0
1518754,22218,8,0
1385174,8859,23,1
2728498,41065,12,0
656865,27966,6,0
344376,21137,1,1
2832313,7704,7,0
2105107,26209,3,0
2747091,18465,2,1
3402393,8230,13,0
2588728,22750,7,0
1934139,13852,6,1
2271558,8021,17,1
108611,39928,1,1
2162847,34969,6,1
1654007,3098,4,1
976276,7411,6,1
2737657,19048,16,0
95738,37552,10,1
759796,24838,7,1
2852297,47626,2,0
3294302,46023,4,1
799001,5969,11,0
1738162,5025,3,1
3200114,16995,5,1
1767047,44142,5,0
3191317,24852,6,1
2277414,9507,22,1
1590823,28849,9,1
2313597,7948,4,1
201727,31717,6,1
847595,1463,7,0
2805183,1511,5,1
3030811,2067,9,0
2062700,14197,26,0
1868546,44628,16,0
607872,20561,5,0
2775200,19048,5,1
3293782,44734,24,0
304956,16823,18,0
1524161,5134,3,1
317785,30088,3,0
2153440,5618,3,0
1646796,19902,1,0
2168520,28373,4,1
686735,46979,11,1
2664370,45630,20,1
1111523,24362,2,0
3134874,39275,8,0
65712,49113,12,0
1160454,46881,19,0
1518638,15622,9,1
413409,27999,10,1
1112943,34590,11,0
625228,27150,10,1
2233883,37011,26,0
332153,44008,4,1
442014,1202,2,1
2672814,24799,6,1
17741,18840,15,1
2815894,31553,7,1
1283531,13884,2,1
1610676,45865,4,0
104965,7628,39,0
2350653,1463,5,0
1893080,44014,8,1
3095058,27830,11,1
808724,9020,4,1
3406478,33731,2,1
2357938,47626,19,0
965415,5737,21,1
2930482,4920,2,1
3379605,31964,13,1
1925860,7151,2,0
284076,39706,2,0
1095885,48890,11,0
2209395,7388,6,1
817487,19397,1,1
2093180,46802,6,1
411498,19149,24,1
1768039,33106,8,1
1913884,2732,4,1
2371663,41390,4,1
341238,44479,18,1
3188936,21137,16,1
2385147,19348,17,0
394690,37247,11,0
587301,8216,12,0
3259657,47197,9,1
2139551,44468,4,0
245913,17600,2,1
478812,39619,13,1
1112805,8138,6,1
617896,19003,15,1
1049709,40671,7,1
1107154,12341,6,1
2619573,47766,10,1
1090081,6218,4,1
373938,7781,1,1
508635,40449,9,0
1102613,21938,2,0
3114672,12845,4,0
232332,19677,14,0
1567005,25138,35,1
3355152,27845,2,1
3177033,9172,7,1
3042331,34693,18,0
2419741,15718,7,1
1678154,26209,5,1
3403509,17807,4,1
2484130,22395,27,0
2549142,37067,2,1
2580821,15801,12,0
216482,48527,8,1
1077395,322,22,1
2477566,46522,9,1
2405149,49325,4,1
292419,15325,12,0
2453447,27845,15,0
2755945,13176,2,1
2875637,11481,19,1
1630564,5732,12,0
1126307,38635,25,1
3295001,42110,18,0
1387539,26759,2,1
2108325,9422,10,0
3220146,43845,4,1
1784337,36117,8,1
772093,4724,4,1
993403,23026,1,0
2499256,41658,16,1
673286,4472,2,1
1056320,30391,16,1
2204245,31506,9,1
1699045,49075,20,1
2611974,5299,9,0
1209669,9076,10,0
512341,34243,11,1
162303,8104,10,1
2111187,47766,11,1
1544121,31714,18,0
3313562,37496,7,0
1229912,32864,6,0
5356,26088,1,1
1260220,36070,2,0
3086907,43693,1,1
2714962,19003,17,1
3252464,11629,1,1
1840937,4338,24,0
2859068,21288,6,1
631490,3339,18,0
3381234,13654,16,0
2711463,3896,2,1
2382504,19677,3,1
1319868,21903,6,1
788035,47766,4,1
972863,17988,5,1
27723,31915,2,1
295510,34126,11,1
555737,2825,17,0
2281828,27966,7,1
3102895,23535,7,1
2805992,1774,20,0
1403436,4374,1,1
830097,8025,14,0
734499,15269,7,0
1626479,42265,2,0
3118572,18814,3,1
2398373,27316,6,1
2048895,15665,2,1
3368485,12817,9,0
2683512,14715,1,1
1916736,48626,7,1
3293471,43713,12,1
439669,34321,7,1
1152411,16759,9,0
68923,26317,23,1
1041848,30442,13,1
992816,22425,6,1
2285414,3298,2,1
2992044,32560,22,0
1519880,48171,14,1
2255007,8193,4,1
2755300,32177,4,1
1939093,21137,1,0
2894756,34350,10,1
3135062,46226,12,0
2879667,24838,6,1
2717506,1217,7,0
441166,23909,5,1
2838110,196,2,0
2497320,47209,2,1
1392391,117,8,1
2784998,25489,1,1
2449055,5194,33,0
3009798,17341,2,1
1428298,5764,1,1
102758,7806,2,0
2862844,43262,19,0
868130,45007,17,1
3396543,42585,8,0
2016599,27275,4,1
18915,28020,6,0
2183980,40334,6,0
191784,9292,1,1
2330591,47626,4,1
1915151,5275,21,0
132055,33754,3,1
1745263,42345,10,1
1874940,38768,3,1
2620955,26790,3,1
44827,28199,1,1
2597557,20553,2,0
963887,22034,4,0
659477,36854,6,1
538853,1999,23,1
136528,23322,3,1
2211843,26369,4,0
890484,4605,6,1
2545267,25659,9,0
2973284,21903,11,1
2510802,4518,9,1
2123345,1999,4,1
133700,33000,4,1
309741,26683,1,1
1130131,6141,3,0
2368233,19565,7,1
2019256,40992,1,1
2920800,45965,3,1
586587,35163,2,1
3074664,39121,5,1
2037996,4472,2,1
359615,21295,5,1
1511807,40310,3,1
608281,22699,6,0
1791387,46969,1,1
2710557,41950,18,0
827320,30201,16,0
1846222,22035,19,1
1474622,47610,1,1
1168972,13829,37,0
3412335,27156,2,1
2194412,8479,23,1
2827809,40174,1,1
2392826,35651,2,0
2962375,15860,6,1
1599252,20114,3,0
3056551,13629,3,1
1894619,16291,3,1
2321875,38596,7,0
1946482,10749,2,1
1417757,31683,3,1
2926001,26925,2,1
1723061,21890,4,1
184320,14999,3,1
1729826,43881,2,1
2434487,27356,3,0
2822880,31213,12,1
1470481,34309,31,0
1738384,45445,1,0
2802298,5134,1,1
954658,13563,4,1
1676587,19691,1,1
202692,32478,3,1
3238381,43352,14,1
2509974,7862,11,0
1282002,17600,9,1
501524,42475,1,1
33833,25890,10,1
1546828,42240,9,0
562295,9839,7,1
308054,47766,2,1
999605,45223,4,1
1825654,32497,12,1
2007269,17872,11,0
411966,43154,6,0
3383637,19057,1,1
2226250,12320,9,1
3003419,35731,1,1
1385346,47105,7,0
168946,26315,3,1
867725,5636,10,1
2762365,8424,13,1
1495686,9558,1,1
961637,39275,8,0
286880,45535,9,1
2710557,33139,7,0
854756,44156,4,1
2308528,27240,5,0
1422197,1,9,1
874900,26513,3,0
1713447,27966,8,1
1000046,3376,11,0
3248279,12513,9,1
1939404,35470,11,0
2956539,24058,8,1
1964543,37509,1,0
3219329,28986,1,1
3056026,49478,9,0
1652549,47788,5,0
2894944,28842,29,0
2781247,27344,7,1
3201512,13536,4,0
890131,33120,1,1
1154446,6101,9,1
32079,16953,12,0
3284105,43352,10,0
1102136,13176,1,1
2354322,40411,1,1
2528220,45646,6,1
1318792,9007,8,0
1466079,46979,7,1
1399252,24535,8,0
3041198,12491,19,0
2181613,38374,12,0
1003551,22367,8,1
1924025,13176,1,1
3029561,38689,2,1
1331525,13176,2,1
2912067,40004,29,0
556122,42731,2,1
2732681,16283,1,1
313686,27521,8,1
860718,15655,11,0
2966280,20305,6,0
2617566,47965,6,1
2057977,8460,5,0
1681064,35855,15,0
2736251,39993,1,1
598766,28204,12,1
2543486,45005,34,0
1864299,34969,20,0
1199194,11755,7,0
727535,10056,6,0
1928797,10690,2,0
2570041,17794,2,0
716808,11422,8,1
209542,30122,7,1
746948,27509,11,1
1655563,49533,1,0
335977,845,7,0
2772173,43352,9,0
2995655,12326,10,1
1301882,17530,16,0
2204162,19660,1,1
1173986,32433,14,0
724124,8474,4,1
1007079,41757,10,1
1250419,47209,12,1
2195360,23723,9,1
2033128,47766,2,1
383501,48871,2,0
691889,22963,6,1
2605729,33352,12,0
3190507,42443,1,1
644300,40709,24,1
2965253,40354,17,0
1308091,30994,6,1
2274102,21616,13,1
1021175,20114,7,1
2429911,17600,13,0
843125,21903,5,1
3002092,6948,3,1
3233951,5769,4,0
1176256,812,13,1
2041511,22908,2,0
3420895,25544,5,1
256922,28427,1,1
200879,49131,6,1
889963,14111,11,0
840922,4576,13,1
2408174,4605,9,0
1260631,22979,8,0
708259,20738,21,1
178648,29898,11,0
1588362,34234,2,0
607378,4975,3,1
1837843,37687,1,1
1962180,48523,7,1
3314232,28180,13,0
172545,37658,11,0
3263812,23879,13,1
1884280,46941,13,1
3375008,13176,7,1
2512776,19478,12,1
1310711,1463,11,1
2898386,39877,9,1
1196371,26606,5,0
1228233,10255,5,1
1011303,26352,2,1
1375864,28322,4,1
856164,16044,1,0
2717006,17560,25,1
1760702,48628,2,1
3304300,47492,4,1
2809955,8555,5,1
2834070,37646,4,1
2023522,24964,17,0
2158760,24184,10,1
369063,21616,4,0
2069443,7158,4,1
1525918,21137,10,0
